,"Adult literacy rate, both sexes",,,,,,,,,,,,,,,,,,,,,,,,,,Combined gross enrolment in education (both sexes),,,,,,,,,,,,,,,,,,,,,,,,,,HDI: Expected Years of Schooling (of children),,,,,,,,,,,,,,,,,,,,,,,,,,HDI: Mean years of schooling (of adults),,,,,,,,,,,,,,,,,,,,,,,,,,Public expenditure on education (% of GDP),,,,,,,,,,,,,,,,,,,,,,,,,
,1980,,1985,,1990,,1995,,2000,,2005,,2006,,2007,,2008,,2009,,2010,,2011,,9999,a,1980,,1985,,1990,,1995,,2000,,2005,,2006,,2007,,2008,,2009,,2010,,2011,,9999,,1980,,1985,,1990,,1995,,2000,,2005,,2006,,2007,,2008,,2009,,2010,,2011,b,9999,,1980,,1985,,1990,,1995,,2000,,2005,,2006,c,2007,c,2008,c,2009,c,2010,,2011,,9999,,1980,,1985,,1990,,1995,,2000,,2005,,2006,,2007,,2008,,2009,,2010,,2011,,9999,a
Country,(% aged 15 and above),,(% aged 15 and above),,(% aged 15 and above),,(% aged 15 and above),,(% aged 15 and above),,(% aged 15 and above),,(% aged 15 and above),,(% aged 15 and above),,(% aged 15 and above),,(% aged 15 and above),,(% aged 15 and above),,(% aged 15 and above),,(% aged 15 and above),,(%),,(%),,(%),,(%),,(%),,(%),,(%),,(%),,(%),,(%),,(%),,(%),,(%),,(years),,(years),,(years),,(years),,(years),,(years),,(years),,(years),,(years),,(years),,(years),,(years),,(years),,(years),,(years),,(years),,(years),,(years),,(years),,(years),,(years),,(years),,(years),,(years),,(years),,(years),,(%),,(%),,(%),,(%),,(%),,(%),,(%),,(%),,(%),,(%),,(%),,(%),,(%),
Afghanistan,..,,..,,..,,..,,..,,..,,..,,..,,..,,..,,..,,..,,..,,..,,..,,13.4,,..,,..,,51.4,d,56.4,d,55.0,d,..,d,60.0,d,..,,..,,60.0,,1.7,,2.2,,2.6,,2.4,,2.2,,7.6,,8.4,,8.2,,8.7,,9.1,,9.1,,9.1,,9.1,,0.8,,1.2,,1.5,,1.9,,2.2,,2.6,,2.7,,2.9,,3.0,,3.2,,3.3,,3.3,b,3.3,,1.9,,..,,..,,..,,..,,..,,..,,..,,..,,..,,..,,..,,..,
Albania,..,,..,,..,,..,,..,,..,,..,,..,,95.9,,..,,..,,..,,95.9,,..,,27.6,,26.9,,..,,68.0,,..,,..,,..,,..,,..,,..,,..,,..,,12.0,,11.3,,11.5,,10.4,,11.0,,11.3,,11.3,,11.3,,11.3,,11.3,,11.3,,11.3,,11.3,,6.8,,7.6,,8.5,,9.3,,9.9,,10.2,,10.2,,10.3,,10.3,,10.3,,10.4,,10.4,b,10.4,,4.9,,..,,..,,..,,..,,..,,..,,..,,..,,..,,..,,..,,2.9,
Algeria,..,,..,,..,,..,,..,,..,,72.6,,..,,..,,..,,..,,..,,72.6,,40.4,,..,,41.9,,42.1,,..,,74.0,d,..,,..,,..,,78.0,,..,,..,,78.0,d,8.3,,9.4,,9.9,,10.1,,11.4,,12.8,,13.0,,13.2,,13.4,,13.6,,13.6,,13.6,,13.6,,1.7,,2.4,,3.3,,4.4,,5.5,,6.4,,6.5,,6.7,,6.8,,6.9,,7.0,,7.0,b,7.0,,..,,..,,..,,..,,..,,..,,..,,..,,4.3,,..,,..,,..,,4.3,
Andorra,..,,..,,..,,..,,..,,..,,..,,..,,..,,..,,..,,..,,..,,..,,..,,..,,..,,..,,60.3,,62.6,,..,,67.0,,..,,..,,..,,67.0,,10.8,,10.8,,10.8,,10.8,,10.8,,10.5,,10.9,,11.2,,11.5,,11.5,,11.5,,11.5,,11.5,,..,,..,,..,,..,,..,,..,,..,,..,,..,,..,,10.4,,10.4,"b,e",10.4,,..,,..,,..,,..,,..,,2.0,,2.7,,2.6,,3.2,,..,,..,,..,,3.2,
Angola,..,,..,,..,,..,,..,,..,,..,,..,,..,,70.0,,..,,..,,70.0,,..,,..,,26.9,,..,,..,,..,,..,,57.8,,..,,..,,..,,..,,57.8,,4.1,,4.1,,4.0,,4.1,,5.4,,8.0,,8.5,,9.1,,9.1,,9.1,,9.1,,9.1,,9.1,,..,,..,,..,,..,,4.4,,4.4,,4.4,,4.4,,4.4,,4.4,,4.4,,4.4,"b,f",4.4,,..,,..,,..,,..,,2.6,,2.6,,2.6,,..,,..,,..,,..,,..,,2.6,
Antigua and Barbuda,..,,..,,..,,..,,..,,..,,..,,..,,..,,99.0,,..,,..,,99.0,,..,,..,,..,,..,,..,,..,,..,,..,,..,,83.5,,..,,..,,83.5,,14.4,,14.4,,14.4,,14.4,,14.4,,14.4,,14.4,,14.4,,14.2,,14.0,,14.0,,14.0,,14.0,,..,,..,,..,,..,,..,,..,,..,,..,,..,,..,,8.9,,8.9,"b,g",8.9,,2.9,,..,,..,,..,,..,,..,,..,,..,,..,,2.7,,..,,..,,2.7,
Argentina,93.9,,..,,..,,..,,..,,..,,..,,..,,..,,97.7,,..,,..,,97.7,,53.1,,59.1,,..,,..,,87.6,d,89.7,,90.9,,91.0,,92.0,,..,,..,,..,,92.0,,11.4,,12.8,,13.3,,13.5,,14.8,,15.3,,15.5,,15.6,,15.8,,15.8,,15.8,,15.8,,15.8,,6.7,,7.4,,7.9,,8.3,,8.6,,8.9,,9.0,,9.0,,9.1,,9.2,,9.3,,9.3,b,9.3,,2.6,,1.4,,..,,..,,4.6,,..,,4.5,,4.9,,..,,..,,..,,..,,4.9,
Armenia,..,,..,,..,,..,,..,,..,,..,,..,,..,,99.5,,..,,..,,99.5,,..,,..,,..,,..,,75.5,,71.2,,73.1,,74.7,,74.5,,76.3,,..,,..,,76.3,,9.9,,9.9,,9.9,,9.9,,11.0,,11.1,,11.5,,11.9,,11.8,,12.0,,12.0,,12.0,,12.0,,9.2,,9.6,,10.1,,10.4,,10.8,,10.8,,10.8,,10.8,,10.8,,10.8,,10.8,,10.8,b,10.8,,..,,..,,..,,..,,2.8,,2.7,,2.7,,3.0,,..,,..,,..,,..,,3.0,
Australia,..,,..,,..,,..,,..,,..,,..,,..,,..,,..,,..,,..,,..,,46.4,,43.2,,46.4,,59.4,,115.1,,112.5,,113.2,,114.2,,115.3,,112.1,,..,,..,,112.1,,17.4,,17.4,,17.4,,18.0,,18.0,,18.0,,18.0,,18.0,,18.0,,18.0,,18.0,,18.0,,18.0,,11.6,,11.6,,11.7,,11.8,,11.9,,11.9,,12.0,,12.0,,12.0,,12.0,,12.0,,12.0,b,12.0,,5.1,,5.1,,..,,..,,4.7,,4.7,,4.5,,4.5,,..,,..,,..,,..,,4.5,
Austria,..,,..,,..,,..,,..,,..,,..,,..,,..,,..,,..,,..,,..,,26.7,,26.6,,32.9,,37.6,,90.4,,88.9,,89.4,,88.9,,90.1,,90.9,,..,,..,,90.9,,12.4,,12.9,,13.7,,14.7,,15.3,,15.0,,15.1,,15.0,,15.2,,15.3,,15.3,,15.3,,15.3,,7.4,,7.8,,8.3,,8.6,,9.1,,9.9,,10.1,,10.3,,10.5,,10.6,,10.8,,10.8,"b,h",10.8,,5.3,,5.6,,..,,..,,5.8,,5.5,,5.5,,5.4,,..,,..,,..,,..,,5.4,
Azerbaijan,..,,..,,..,,..,,..,,..,,..,,99.5,,..,,..,,..,,..,,99.5,,..,,..,,31.1,,29.5,,69.3,d,71.9,d,71.4,d,70.6,d,70.5,d,70.6,d,..,,..,,70.6,,11.3,,11.5,,10.6,,10.0,,10.7,,11.5,,11.6,,11.6,,11.6,,11.8,,11.8,,11.8,,11.8,,..,,..,,..,,..,,..,,..,,..,,..,,..,,..,,8.6,,8.6,"b,i",8.6,,..,,..,,..,,..,,3.9,,2.3,,2.0,,1.7,,1.9,,2.8,,..,,..,,2.8,
Bahamas,..,,..,,..,,..,,..,,..,,..,,..,,..,,..,,..,,..,,..,,41.2,,40.5,,..,,39.0,,68.1,d,72.0,d,71.4,d,74.1,d,..,,..,,..,,..,,74.1,d,12.0,,11.9,,11.9,,11.6,,11.5,,12.1,,12.0,,12.0,,12.0,,12.0,,12.0,,12.0,,12.0,,..,,..,,..,,..,,8.5,,8.5,,8.5,,8.5,,8.5,,8.5,,8.5,,8.5,"b,i",8.5,,..,,3.7,,..,,..,,3.3,,..,,..,,..,,..,,..,,..,,..,,3.3,
Bahrain,..,,..,,..,,..,,..,,..,,..,,..,,..,,91.4,,..,,..,,91.4,,39.5,,48.9,,..,,48.6,,..,d,..,d,..,d,..,d,..,d,..,d,..,,..,,..,d,10.0,,13.1,,13.5,,13.6,,13.4,,13.4,,13.4,,13.4,,13.4,,13.4,,13.4,,13.4,,13.4,,4.1,,5.2,,6.0,,7.2,,8.3,,9.0,,9.1,,9.2,,9.3,,9.3,,9.4,,9.4,b,9.4,,2.8,,3.8,,..,,..,,..,,..,,3.4,,3.0,,2.9,,..,,..,,..,,2.9,
Bangladesh,..,,..,,..,,..,,..,,..,,..,,..,,..,,55.9,,..,,..,,55.9,,22.8,,22.6,,26.0,,..,,..,,47.8,,48.5,,48.7,,..,,..,,..,,..,,48.7,,4.4,,4.5,,5.0,,6.0,,7.0,,8.0,,8.1,,8.1,,8.1,,8.1,,8.1,,8.1,,8.1,,2.0,,2.4,,2.9,,3.3,,3.7,,4.2,,4.3,,4.4,,4.5,,4.7,,4.8,,4.8,b,4.8,,0.9,,1.3,,..,,..,,2.4,,..,,2.5,,2.6,,2.4,,..,,..,,..,,2.4,
Barbados,..,,..,,..,,..,,..,,..,,..,,..,,..,,..,,..,,..,,..,,..,,..,,..,,..,,..,,..,,..,,..,,..,,..,,..,,..,,..,,..,,..,,..,,..,,..,,13.4,,13.4,,13.4,,13.4,,13.4,,13.4,,13.4,g,13.4,,6.3,,7.4,,8.1,,8.6,,8.7,,9.2,,9.2,,9.2,,9.3,,9.3,,9.3,,9.3,b,9.3,,..,,6.0,,..,,..,,5.6,,6.9,,..,,6.9,,6.7,,-6.6,,..,,..,,-6.6,
Belarus,..,,..,,..,,..,,..,,..,,..,,..,,..,,99.7,,..,,..,,99.7,,44.2,,50.6,,50.8,,37.3,,87.5,,88.7,,89.3,,90.2,,..,,..,,..,,..,,90.2,,11.8,,12.5,,12.8,,12.3,,14.0,,14.4,,14.5,,14.6,,14.6,,14.6,,14.6,,14.6,,14.6,,..,,..,,..,,..,,..,,9.3,,9.3,,9.3,,9.3,,9.3,,9.3,,9.3,"b,f",9.3,,..,,..,,..,,..,,6.2,,5.9,,6.1,,5.2,,5.1,,4.5,,..,,..,,4.5,
Belgium,..,,..,,..,,..,,..,,..,,..,,..,,..,,..,,..,,..,,..,,41.4,,41.0,,45.0,,51.9,,108.1,,94.0,,94.1,,94.1,,94.1,,94.9,,..,,..,,94.9,,12.8,,13.2,,14.0,,17.3,,18.0,,15.9,,15.9,,15.9,,16.0,,16.1,,16.1,,16.1,,16.1,,8.0,,8.5,,9.4,,9.7,,10.0,,10.6,,10.6,,10.7,,10.8,,10.8,,10.9,,10.9,"b,h",10.9,,5.7,,5.7,,..,,..,,..,,5.9,,6.0,,6.0,,..,,..,,..,,..,,6.0,
Belize,..,,..,,..,,..,,..,,..,,..,,..,,..,,..,,..,,..,,..,,..,,..,,..,,..,,68.6,d,76.9,d,74.9,d,74.9,d,..,,75.1,,..,,..,,75.1,d,10.7,,10.7,,10.7,,10.7,,10.9,,12.6,,12.3,,12.3,,12.4,,12.4,,12.4,,12.4,,12.4,,7.3,,7.6,,8.0,,8.5,,8.1,,7.7,,7.8,,7.8,,7.9,,7.9,,8.0,,8.0,"b,h",8.0,,2.4,,4.5,,..,,..,,5.0,,..,,..,,5.1,,5.7,,..,,..,,..,,5.7,
Benin,..,,..,,..,,..,,..,,..,,..,,..,,..,,41.7,,..,,..,,41.7,,25.1,,27.6,,22.2,d,30.1,,44.1,d,56.7,d,..,,..,,..,,..,,..,,..,,56.7,d,4.6,,5.7,,5.7,,6.5,,7.4,,9.2,,9.2,,9.2,,9.2,,9.2,,9.2,,9.2,,9.2,,0.6,,1.1,,1.6,,2.2,,2.5,,2.9,,3.0,,3.1,,3.1,,3.2,,3.3,,3.3,b,3.3,,..,,..,,..,,..,,3.3,,4.1,,3.8,,3.5,,..,,..,,..,,..,,3.5,
Bhutan,..,,..,,..,,..,,..,,52.8,,..,,..,,..,,..,,..,,..,,52.8,,21.1,,..,,..,,..,,50.2,d,54.3,d,56.5,d,..,,60.5,,..,,..,,..,,60.5,d,4.1,,4.5,,5.5,,6.5,,7.8,,9.7,,10.2,,10.6,,11.0,,11.0,,11.0,,11.0,,11.0,,..,,..,,..,,..,,..,,..,,..,,..,,..,,..,,2.3,,2.3,"b,f",2.3,,..,,..,,..,,..,,5.8,,7.2,,..,,..,,4.8,,..,,..,,..,,4.8,
Bolivia (Plurinational State of),..,,..,,..,,..,,..,,..,,..,,90.7,,90.7,,..,,..,,..,,90.7,,..,,..,,..,,..,,83.4,d,..,,..,,82.4,d,..,,..,,..,,..,,82.4,d,12.8,,12.8,,12.8,,12.8,,13.7,,14.0,,13.9,,13.7,,13.7,,13.7,,13.7,,13.7,,13.7,,4.5,,5.3,,6.4,,7.1,,7.4,,8.3,,8.5,,8.7,,8.8,,9.0,,9.2,,9.2,b,9.2,,4.6,,1.8,,..,,..,,5.5,,..,,6.3,,..,,..,,..,,..,,..,,6.3,
Bosnia and Herzegovina,..,,..,,..,,..,,96.7,,..,,..,,..,,..,,97.8,,..,,..,,97.8,,..,,..,,..,,..,,..,,..,,..,,73.8,,..,,75.6,,..,,..,,75.6,j,13.2,,13.2,,13.2,,13.2,,13.2,,13.2,,13.2,,13.2,,13.4,,13.6,,13.6,,13.6,,13.6,,..,,..,,..,,..,,..,,8.7,,8.7,,8.7,,8.7,,8.7,,8.7,,8.7,"b,f",8.7,,..,,..,,..,,..,,..,,..,,..,,..,,..,,..,,..,,..,,..,
Botswana,..,,..,,..,,..,,..,,..,,..,,..,,..,,84.1,,..,,..,,84.1,,42.9,,49.2,,..,,49.7,,72.2,d,72.8,,72.9,,71.6,,..,,..,,..,,..,,71.6,d,7.4,,8.6,,10.1,,10.8,,12.0,,12.3,,12.4,,12.2,,12.2,,12.2,,12.2,,12.2,,12.2,,2.3,,3.8,,5.5,,6.7,,7.6,,8.3,,8.4,,8.5,,8.7,,8.8,,8.9,,8.9,b,8.9,,5.5,,5.7,,..,,..,,..,,9.5,,..,,8.0,,7.8,,8.9,,..,,..,,8.9,
Brazil,74.6,,..,,..,,..,,86.4,,..,,89.6,,90.0,,90.0,,..,,..,,..,,90.0,,39.6,,..,,42.8,,..,,90.2,d,87.2,,..,,85.1,,..,,..,,..,,..,,85.1,,14.1,,14.1,,14.1,,14.1,,14.5,,14.2,,14.0,,13.8,,13.8,,13.8,,13.8,,13.8,,13.8,,2.6,,3.2,,3.8,,4.6,,5.6,,6.6,,6.7,,6.8,,6.9,,7.1,,7.2,,7.2,b,7.2,,3.5,,3.6,,..,,..,,4.0,,4.5,,5.0,,5.1,,..,,..,,..,,..,,5.1,
Brunei Darussalam,..,,..,,..,,..,,..,,..,,..,,..,,..,,95.3,,..,,..,,95.3,,39.1,,..,,..,,..,,74.8,d,77.6,,78.6,,78.2,,77.7,,78.2,,..,,..,,78.2,,11.0,,11.5,,12.3,,13.0,,13.4,,13.9,,14.1,,14.0,,14.0,,14.1,,14.1,,14.1,,14.1,,6.1,,6.6,,7.5,,8.0,,8.2,,8.4,,8.4,,8.5,,8.5,,8.5,,8.6,,8.6,b,8.6,,1.2,,..,,..,,..,,3.7,,..,,..,,..,,..,,..,,..,,..,,3.7,
Bulgaria,..,,..,,..,,..,,..,,..,,..,,..,,..,,98.3,,..,,..,,98.3,,31.2,,33.8,,31.5,,34.4,,79.4,,76.4,,76.6,,77.9,,77.7,,78.1,,..,,..,,78.1,,11.2,,11.8,,12.2,,12.1,,13.0,,13.4,,13.4,,13.7,,13.6,,13.7,,13.7,,13.7,,13.7,,8.0,,8.5,,8.9,,9.3,,9.5,,10.0,,10.1,,10.2,,10.4,,10.5,,10.6,,10.6,"b,h",10.6,,..,,..,,..,,..,,..,,4.5,,4.2,,4.1,,..,,..,,..,,..,,4.1,
Burkina Faso,..,,..,,..,,..,,..,,23.6,,..,,28.7,,..,,..,,..,,..,,28.7,,6.8,,10.2,,13.3,,15.9,,22.0,,28.9,,30.7,,33.4,,36.6,,39.1,,..,,..,,39.1,,1.2,,1.8,,2.5,,3.0,,3.5,,4.6,,4.9,,5.3,,5.8,,6.3,,6.3,,6.3,,6.3,,..,,..,,..,,..,,..,,1.3,,1.3,,1.3,,1.3,,1.3,,1.3,,1.3,"b,f",1.3,,2.0,,1.8,,..,,..,,..,,4.5,,4.5,,4.6,,..,,..,,..,,..,,4.6,
Burundi,..,,..,,37.4,,..,,59.3,,..,,..,,..,,..,,66.6,,..,,..,,66.6,,9.5,,18.1,d,27.8,,..,,..,,38.3,d,46.9,,51.4,,54.9,,59.4,,..,,..,,59.4,,1.7,,3.1,,4.6,,4.9,,5.3,,6.4,,7.9,,8.9,,9.6,,10.5,,10.5,,10.5,,10.5,,1.1,,1.3,,1.4,,1.6,,1.8,,2.3,,2.4,,2.4,,2.5,,2.6,,2.7,,2.7,b,2.7,,..,,2.5,,..,,..,,3.2,,5.1,,..,,..,,7.2,,8.3,,..,,..,,8.3,
Cambodia,..,,..,,..,,..,,..,,..,,..,,..,,77.6,,..,,..,,..,,77.6,,..,,52.6,,39.1,,42.0,,50.3,,..,,58.6,,58.1,,..,,..,,..,,..,,58.1,,6.1,,6.1,,6.1,,6.5,,7.5,,9.7,,9.8,,9.8,,9.8,,9.8,,9.8,,9.8,,9.8,,5.0,,5.2,,5.3,,5.5,,5.7,,5.7,,5.7,,5.7,,5.7,,5.8,,5.8,,5.8,b,5.8,,..,,..,,..,,..,,1.7,,1.7,,2.0,,1.6,,1.6,,2.1,,..,,..,,2.1,
Cameroon,..,,..,,..,,..,,68.4,,..,,..,,70.7,,..,,..,,..,,..,,70.7,,37.7,,40.2,,40.3,,..,,..,,52.4,d,50.8,k,..,,57.5,,60.4,,..,,..,,60.4,,6.9,,7.4,,7.9,,7.5,,7.6,,8.9,,8.7,,9.2,,9.8,,10.3,,10.3,,10.3,,10.3,,2.1,,2.8,,3.4,,4.1,,4.8,,5.4,,5.5,,5.6,,5.7,,5.8,,5.9,,5.9,b,5.9,,2.6,,3.1,,..,,..,,1.9,,3.1,,3.0,,3.3,,3.0,,3.7,,..,,..,,3.7,
Canada,..,,..,,..,,..,,..,,..,,..,,..,,..,,..,,..,,..,,..,,..,,..,,63.6,,62.5,,93.4,,..,,..,,..,,..,,..,,..,,..,,..,d,15.6,,15.6,,16.7,,16.9,,15.9,,16.0,,16.0,,16.0,,16.0,,16.0,,16.0,,16.0,,16.0,,9.5,,9.9,,10.3,,10.7,,11.1,,11.3,,11.5,,11.6,,11.8,,12.0,,12.1,,12.1,"b,h",12.1,,6.8,,6.5,,..,,..,,5.6,,4.9,,..,,4.9,,..,,..,,..,,..,,4.9,
Cape Verde,..,,..,,62.8,,..,,..,,..,,..,,..,,..,,84.8,,..,,..,,84.8,,..,,..,,50.6,,..,,..,,..,,..,,..,,..,,..,,..,,..,,..,,7.8,,7.8,,7.8,,9.4,,10.9,,11.1,,11.9,,11.7,,11.7,,11.6,,11.6,,11.6,,11.6,,..,,..,,..,,..,,3.5,,3.5,,3.5,,3.5,,3.5,,3.5,,3.5,,3.5,"b,l",3.5,,..,,..,,..,,..,,..,,..,,6.5,,6.1,,6.4,,5.9,,..,,..,,5.9,
Central African Republic,..,,..,,..,,..,,50.6,,..,,..,,..,,..,,55.2,,..,,..,,55.2,,28.5,,31.0,d,28.7,,..,,..,,30.3,,..,,..,,38.5,,39.6,,..,,..,,39.6,d,5.1,,5.8,,5.3,,4.7,,5.6,,5.8,,6.0,,6.1,,6.3,,6.6,,6.6,,6.6,,6.6,,1.0,,1.5,,2.0,,2.4,,2.8,,3.2,,3.3,,3.4,,3.4,,3.5,,3.5,,3.5,b,3.5,,..,,2.1,,..,,..,,1.5,,1.6,,1.4,,1.3,,1.3,,1.3,,..,,..,,1.3,
Chad,..,,..,,..,,..,,25.7,,..,,..,,..,,..,,33.6,,..,,..,,33.6,,..,,14.3,,..,,..,,31.0,,37.1,d,37.2,d,37.9,d,42.6,d,45.6,,..,,..,,45.6,,2.5,,2.5,,3.2,,3.6,,4.9,,6.0,,6.0,,6.2,,6.7,,7.2,,7.2,,7.2,,7.2,,..,,..,,..,,..,,1.5,,1.5,,1.5,,1.5,,1.5,,1.5,,1.5,,1.5,"b,l",1.5,,..,,..,,..,,..,,2.6,,2.1,,..,,..,,..,,3.2,,..,,..,,3.2,
Chile,..,,..,,..,,..,,..,,..,,..,,..,,98.6,,98.6,,..,,..,,98.6,,44.4,,42.6,,..,,..,,77.7,,82.9,,82.5,,84.0,,84.7,,..,,..,,..,,84.7,,11.3,,12.0,,12.8,,12.1,,12.9,,14.1,,14.0,,14.5,,14.7,,14.7,,14.7,,14.7,,14.7,,6.4,,7.3,,8.1,,8.4,,8.8,,9.3,,9.4,,9.5,,9.5,,9.6,,9.7,,9.7,b,9.7,,4.5,,3.8,,..,,..,,3.9,,3.4,,3.2,,3.4,,4.0,,..,,..,,..,,4.0,
China,..,,..,,77.8,,..,,90.9,,..,,..,,..,,..,,94.0,,..,,..,,94.0,,43.6,,38.9,,35.6,,39.0,,..,,..,d,66.6,d,67.4,d,68.0,d,68.7,d,..,,..,,68.7,d,8.3,,8.2,,8.9,,9.1,,9.8,,10.7,,10.9,,11.2,,11.4,,11.6,,11.6,,11.6,,11.6,,3.7,,4.3,,4.9,,5.7,,6.6,,7.1,,7.2,,7.3,,7.4,,7.4,,7.5,,7.5,b,7.5,,2.5,,2.5,,..,,..,,..,,..,,..,,..,,..,,..,,..,,..,,..,
Colombia,..,,..,,..,,..,,..,,92.8,,92.3,,92.7,,93.4,,93.2,,..,,..,,93.2,,41.4,,39.0,,39.8,,42.1,,73.5,d,79.0,,80.8,,82.1,,83.2,,85.1,,..,,..,,85.1,,8.9,,8.9,,9.3,,10.3,,11.6,,12.5,,12.9,,13.1,,13.3,,13.6,,13.6,,13.6,,13.6,,4.3,,4.8,,5.5,,6.1,,6.5,,6.7,,6.8,,7.0,,7.1,,7.2,,7.3,,7.3,b,7.3,,1.9,,2.8,,..,,..,,3.7,,4.0,,3.9,,4.1,,3.9,,4.8,,..,,..,,4.8,
Comoros,47.9,,..,,..,,..,,68.5,,..,,..,,..,,..,,74.2,,..,,..,,74.2,,..,,..,,36.4,,..,,51.6,,61.0,d,..,,..,,..,,..,,..,,..,,61.0,d,7.2,,7.2,,7.2,,7.6,,8.8,,10.7,,10.7,,10.7,,10.7,,10.7,,10.7,,10.7,,10.7,,..,,..,,..,,..,,..,,2.8,,2.8,,2.8,,2.8,,2.8,,2.8,,2.8,"b,l",2.8,,..,,..,,..,,..,,..,,..,,..,,..,,7.6,,..,,..,,..,,7.6,
Congo,..,,..,,..,,..,,..,,..,,..,,..,,..,,..,,..,,..,,..,,54.7,,55.0,,50.1,k,..,,..,,..,,..,,..,,..,,..,,..,,..,,..,d,12.8,,12.6,,10.9,,9.7,,8.3,,10.5,,10.5,,10.5,,10.5,,10.5,,10.5,,10.5,,10.5,,2.5,,3.2,,4.4,,5.1,,5.5,,5.8,,5.8,,5.8,,5.9,,5.9,,5.9,,5.9,b,5.9,,6.4,,..,,..,,..,,..,,1.8,,..,,..,,..,,..,,..,,..,,1.8,
Congo (Democratic Republic of the),..,,..,,..,,..,,..,,..,,..,,..,,..,,66.8,,..,,..,,66.8,,39.8,,38.3,,24.9,,31.8,,..,,..,,..,,47.0,d,51.4,k,52.1,,..,,..,,52.1,,7.1,,6.8,,6.3,,6.0,,4.6,,6.6,,7.1,,7.5,,8.1,,8.2,,8.2,,8.2,,8.2,,1.2,,1.5,,2.0,,2.7,,3.2,,3.4,,3.4,,3.4,,3.4,,3.4,,3.5,,3.5,b,3.5,,..,,..,,..,,..,,..,,..,,..,,..,,..,,..,,..,,..,,..,
Costa Rica,..,,..,,..,,..,,94.9,,..,,..,,..,,..,,96.1,,..,,..,,96.1,,44.6,,45.0,,50.1,,..,,..,,73.0,d,..,,..,,..,,..,,..,,..,,73.0,d,9.5,,9.1,,9.7,,10.4,,10.7,,11.7,,11.7,,11.7,,11.7,,11.7,,11.7,,11.7,,11.7,,5.4,,6.2,,6.9,,7.4,,8.0,,7.9,,8.0,,8.1,,8.2,,8.3,,8.3,,8.3,b,8.3,,7.4,,3.4,,..,,..,,4.4,,..,,4.7,,4.7,,5.1,,6.3,,..,,..,,6.3,
Croatia,..,,..,,..,,..,,..,,..,,..,,..,,..,,98.8,,..,,..,,98.8,,..,,..,,..,,27.3,,70.0,,77.8,,78.5,,79.4,,80.2,,80.3,,..,,..,,80.3,,11.2,,11.2,,11.2,,11.3,,12.2,,13.6,,13.7,,13.9,,13.9,,13.9,,13.9,,13.9,,13.9,,6.9,,7.4,,7.9,,8.5,,9.2,,9.5,,9.5,,9.6,,9.7,,9.7,,9.8,,9.8,"b,h",9.8,,..,,..,,..,,..,,4.2,,4.3,,4.3,,4.1,,4.5,,4.6,,..,,..,,4.6,
Cuba,..,,..,,..,,..,,..,,..,,..,,..,,..,,99.8,,..,,..,,99.8,,45.2,,38.2,,35.6,,40.3,,76.2,,87.5,k,94.8,,100.8,,104.3,,103.2,,..,,..,,103.2,,12.1,,12.3,,12.7,,11.3,,12.7,,14.8,,16.1,,17.1,,17.6,,17.5,,17.5,,17.5,,17.5,,6.5,,7.7,,8.5,,8.8,,9.1,,9.4,,9.5,,9.6,,9.7,,9.8,,9.9,,9.9,b,9.9,,..,,..,,..,,..,,7.2,,..,,..,,11.9,,13.6,,..,,..,,..,,13.6,
Cyprus,..,,..,,..,,..,,..,,..,,..,,..,,..,,97.9,,..,,..,,97.9,,29.0,,28.2,,36.7,,42.4,d,73.6,d,77.6,d,77.6,d,78.7,d,81.3,d,85.0,k,..,,..,,85.0,k,10.3,,9.9,,10.1,,12.5,,12.4,,13.5,,13.6,,13.8,,14.2,,14.7,,14.7,,14.7,,14.7,,6.7,,8.0,,8.7,,9.2,,9.7,,9.0,,9.1,,9.3,,9.4,,9.6,,9.8,,9.8,b,9.8,,3.6,,3.7,,..,,..,,3.1,,4.1,,4.1,,4.1,,..,,..,,..,,..,,4.1,
Czech Republic,..,,..,,..,,..,,..,,..,,..,,..,,..,,..,,..,,..,,..,,..,,31.4,,25.2,,27.3,,74.0,,82.8,,83.4,,84.6,,85.7,,86.4,,..,,..,,86.4,,13.1,,12.2,,12.0,,12.7,,13.9,,14.9,,15.0,,15.2,,15.4,,15.6,,15.6,,15.6,,15.6,,10.3,,10.5,,10.9,,11.4,,11.9,,13.1,,12.9,,12.8,,12.6,,12.5,,12.3,,12.3,b,12.3,,..,,..,,..,,..,,4.0,,4.3,,4.6,,4.2,,..,,..,,..,,..,,4.2,
Côte d'Ivoire,..,,..,,..,,..,,48.7,,..,,..,,..,,..,,55.3,,..,,..,,55.3,,31.6,,30.3,,..,,27.7,,38.2,d,..,,..,,..,,..,,..,,..,,..,,..,d,5.8,,5.6,,5.7,,6.1,,6.3,,6.3,,6.3,,6.3,,6.3,,6.3,,6.3,,6.3,,6.3,,1.3,,1.7,,2.1,,2.4,,2.8,,3.1,,3.1,,3.2,,3.2,,3.3,,3.3,,3.3,b,3.3,,6.9,,..,,..,,..,,3.8,,4.3,,4.2,,4.4,,4.6,,..,,..,,..,,4.6,
Denmark,..,,..,,..,,..,,..,,..,,..,,..,,..,,..,,..,,..,,..,,42.1,,41.2,,40.8,,46.2,,96.0,,102.8,,101.3,,101.5,,100.5,,100.2,,..,,..,,100.2,,13.4,,13.6,,14.1,,15.1,,16.3,,16.9,,16.7,,16.9,,16.8,,16.9,,16.9,,16.9,,16.9,,9.0,,9.8,,9.6,,9.9,,10.5,,11.1,,11.2,,11.2,,11.3,,11.3,,11.4,,11.4,"b,h",11.4,,6.4,,6.6,,..,,..,,8.3,,8.3,,8.0,,7.8,,..,,..,,..,,..,,7.8,
Djibouti,..,,..,,..,,..,,..,,..,,..,,..,,..,,..,,..,,..,,..,,..,,..,,..,,..,,18.1,,24.8,,25.5,,27.5,,..,,30.4,,..,,..,,30.4,,2.4,,2.9,,2.9,,2.9,,3.0,,4.2,,4.4,,4.7,,4.9,,5.1,,5.1,,5.1,,5.1,,..,,..,,..,,..,,..,,3.8,,3.8,,3.8,,3.8,,3.8,,3.8,,3.8,"b,f",3.8,,..,,2.8,,..,,..,,9.7,,8.4,,8.3,,8.4,,..,,..,,..,,..,,8.4,
Dominica,..,,..,,..,,..,,..,,..,,..,,..,,..,,..,,..,,..,,..,,..,,..,,..,,..,,..,,..,,..,,..,,74.5,,..,,..,,..,,74.5,,11.8,,11.8,,11.8,,12.1,,12.5,,12.9,,13.0,,13.1,,13.2,,13.2,,13.2,,13.2,,13.2,,..,,..,,..,,..,,7.7,,7.7,,7.7,,7.7,,7.7,,7.7,,7.7,,7.7,"b,i",7.7,,..,,..,,..,,..,,..,,..,,..,,4.1,,4.7,,..,,..,,..,,4.7,
Dominican Republic,..,,..,,..,,..,,..,,..,,..,,88.2,,..,,..,,..,,..,,88.2,,..,,..,,..,,..,,..,,..,,..,,..,,..,,..,,..,,..,,..,d,11.0,,11.0,,11.3,,11.7,,12.1,,11.9,,11.9,,11.9,,11.9,,11.9,,11.9,,11.9,,11.9,,3.9,,4.4,,5.0,,5.6,,6.1,,6.7,,6.8,,6.9,,7.0,,7.1,,7.2,,7.2,"b,h",7.2,,2.1,,1.5,,..,,..,,1.9,,..,,..,,2.2,,2.2,,2.3,,..,,..,,2.3,
Ecuador,..,,..,,88.3,,..,,..,,..,,..,,84.2,,..,,84.2,,..,,..,,84.2,,54.9,,55.9,,51.5,k,45.9,,..,,..,,..,,78.5,,82.1,d,..,,..,,..,,82.1,,11.7,,12.2,,12.2,,12.6,,12.9,,13.2,,13.3,,13.3,,14.0,,14.0,,14.0,,14.0,,14.0,,5.4,,6.0,,6.6,,6.9,,6.9,,7.3,,7.3,,7.4,,7.5,,7.5,,7.6,,7.6,b,7.6,,..,,..,,..,,..,,1.3,,..,,..,,..,,..,,..,,..,,..,,1.0,
Egypt,..,,..,,..,,..,,..,,71.4,,66.4,,..,,..,,..,,..,,..,,66.4,,30.4,,34.8,,35.5,d,..,,..,,..,,..,,..,,..,,..,,..,,..,,..,,7.5,,8.6,,9.1,,10.4,,11.4,,11.0,,11.0,,11.0,,11.0,,11.0,,11.0,,11.0,,11.0,,2.0,,3.0,,3.5,,4.0,,4.7,,5.5,,5.7,,5.9,,6.0,,6.2,,6.4,,6.4,b,6.4,,4.2,,5.6,,..,,..,,..,,4.8,,4.0,,3.7,,3.8,,..,,..,,..,,3.8,
El Salvador,..,,..,,..,,..,,..,,..,,83.6,,82.0,,84.0,,84.1,,..,,..,,84.1,,..,,..,,..,,45.0,,69.5,,75.4,,74.7,,76.8,,73.4,,..,,..,,..,,73.4,,7.9,,8.5,,9.0,,10.2,,11.3,,12.2,,12.2,,12.7,,12.1,,12.1,,12.1,,12.1,,12.1,,3.0,,3.4,,3.7,,4.7,,5.7,,6.7,,6.8,,7.0,,7.2,,7.4,,7.5,,7.5,b,7.5,,..,,..,,..,,..,,2.5,,2.7,,3.0,,3.0,,3.6,,..,,..,,..,,3.6,
Equatorial Guinea,..,,..,,..,,..,,88.3,,..,,..,,..,,..,,93.3,,..,,..,,93.3,,..,,..,,..,,..,,55.3,d,..,,..,,..,,..,,..,,..,,..,,..,d,8.7,,8.7,,8.7,,8.7,,8.1,,7.7,,7.7,,7.7,,7.7,,7.7,,7.7,,7.7,,7.7,,..,,..,,..,,..,,5.4,,5.4,,5.4,,5.4,,5.4,,5.4,,5.4,,5.4,"b,f",5.4,,..,,..,,..,,..,,0.7,,..,,..,,..,,..,,..,,..,,..,,0.6,
Eritrea,..,,..,,..,,..,,..,,..,,..,,..,,..,,66.6,,..,,..,,66.6,,..,,..,,..,,16.7,,29.3,,34.5,d,33.7,d,30.7,d,..,,29.6,,..,,..,,29.6,,3.4,,3.4,,3.4,,3.4,,4.5,,5.6,,5.5,,5.0,,4.9,,4.8,,4.8,,4.8,,4.8,,..,,..,,..,,..,,..,,..,,..,,..,,..,,..,,3.4,,3.4,b,3.4,,..,,..,,..,,..,,3.2,,..,,2.0,,..,,..,,..,,..,,..,,2.0,
Estonia,..,,..,,..,,..,,99.8,,..,,..,,..,,..,,99.8,,..,,..,,99.8,,..,,..,,..,,40.9,,88.4,,92.2,d,91.2,d,90.4,d,89.3,,..,,..,,..,,89.3,,12.4,,12.4,,12.4,,12.7,,15.0,,16.0,,15.9,,15.8,,15.7,,15.7,,15.7,,15.7,,15.7,,8.4,,8.8,,9.3,,10.5,,11.7,,11.9,,11.9,,11.9,,12.0,,12.0,,12.0,,12.0,b,12.0,,..,,..,,..,,..,,5.4,,4.9,,..,,4.8,,..,,..,,..,,..,,4.8,
Ethiopia,..,,..,,..,,..,,..,,29.8,,..,,..,,..,,..,,..,,..,,29.8,,14.0,,16.1,d,15.3,,13.3,,29.1,,44.2,d,47.7,d,52.0,d,55.2,d,..,,..,,..,,55.2,,3.2,,3.0,,3.2,,2.6,,4.4,,6.7,,7.3,,8.0,,8.5,,8.5,,8.5,,8.5,,8.5,,..,,..,,..,,..,,1.5,,1.5,,1.5,,1.5,,1.5,,1.5,,1.5,,1.5,"b,l",1.5,,..,,2.4,,..,,..,,3.9,,..,,5.5,,5.5,,..,,..,,..,,..,,5.5,
Fiji,..,,..,,..,,..,,..,,..,,..,,..,,..,,..,,..,,..,,..,,39.3,,41.2,,..,,..,,72.8,,73.6,d,..,,..,,..,,..,,..,,..,,73.6,,10.7,,10.6,,12.3,,12.8,,12.9,,13.0,,13.0,,13.0,,13.0,,13.0,,13.0,,13.0,,13.0,,5.9,,6.8,,8.3,,9.8,,9.9,,9.9,,10.1,,10.2,,10.4,,10.5,,10.7,,10.7,"b,h",10.7,,5.0,,..,,..,,..,,5.9,,..,,..,,..,,..,,..,,..,,..,,6.2,
Finland,..,,..,,..,,..,,..,,..,,..,,..,,..,,..,,..,,..,,..,,41.3,,42.7,,49.2,,54.5,,104.0,,101.4,,101.5,,101.3,,101.1,,99.7,,..,,..,,99.7,,13.3,,14.0,,15.0,,16.3,,17.7,,17.2,,17.2,,17.1,,17.1,,16.8,,16.8,,16.8,,16.8,,8.3,,8.2,,8.2,,9.2,,8.2,,10.1,,10.1,,10.2,,10.2,,10.2,,10.3,,10.3,b,10.3,,5.1,,5.2,,..,,..,,5.9,,6.3,,6.2,,5.9,,..,,..,,..,,..,,5.9,
France,..,,..,,..,,..,,..,,..,,..,,..,,..,,..,,..,,..,,..,,39.4,,37.9,,41.9,,46.3,,91.7,,94.9,,94.8,,94.6,,94.5,,94.5,,..,,..,,94.5,,12.6,,13.0,,14.0,,15.7,,15.6,,16.2,,16.2,,16.2,,16.1,,16.1,,16.1,,16.1,,16.1,,6.0,,6.4,,7.1,,8.3,,9.3,,9.9,,10.0,,10.2,,10.3,,10.4,,10.6,,10.6,"b,h",10.6,,4.9,,5.4,,..,,..,,5.7,,5.6,,5.6,,5.6,,..,,..,,..,,..,,5.6,
Gabon,..,,..,,..,,..,,..,,..,,..,,..,,..,,87.7,,..,,..,,87.7,,65.5,,..,,..,,..,,74.1,d,..,,..,,..,,..,,..,,..,,..,,..,,12.4,,12.7,,12.4,,12.2,,11.8,,13.1,,13.1,,13.1,,13.1,,13.1,,13.1,,13.1,,13.1,,2.3,,3.2,,4.3,,5.2,,6.1,,6.9,,7.0,,7.1,,7.2,,7.4,,7.5,,7.5,b,7.5,,2.5,,4.6,,..,,..,,3.8,,..,,..,,..,,..,,..,,..,,..,,3.8,
Gambia,..,,..,,..,,..,,36.8,,..,,..,,..,,..,,46.5,,..,,..,,46.5,,..,,..,,..,,30.6,,..,,..,,..,,..,,57.3,,..,,..,,..,,57.3,,5.9,,5.9,,5.9,,5.9,,7.1,,8.3,,8.5,,8.8,,9.0,,9.0,,9.0,,9.0,,9.0,,0.7,,0.9,,1.2,,1.8,,2.0,,2.3,,2.4,,2.5,,2.6,,2.7,,2.8,,2.8,b,2.8,,3.6,,4.3,,..,,..,,2.7,,..,,..,,..,,..,,..,,..,,..,,2.0,
Georgia,..,,..,,..,,..,,..,,..,,..,,..,,..,,99.7,,..,,..,,99.7,,..,,..,,..,,35.4,,73.8,,76.4,,75.0,d,77.6,,74.7,k,72.3,,..,,..,,72.3,,12.9,,12.7,,12.4,,10.9,,11.7,,12.6,,12.5,,13.0,,12.6,,13.1,,13.1,,13.1,,13.1,,..,,..,,..,,..,,..,,12.1,,12.1,,12.1,,12.1,,12.1,,12.1,,12.1,"b,f",12.1,,..,,..,,..,,..,,2.2,,2.5,,3.0,,2.7,,2.9,,3.2,,..,,..,,3.2,
Germany,..,,..,,..,,..,,..,,..,,..,,..,,..,,..,,..,,..,,..,,..,,..,,..,,35.9,,..,,..,,..,,..,,..,,..,,..,,..,,..,,14.6,,14.6,,14.6,,15.6,,15.9,,15.9,,15.9,,15.9,,15.9,,15.9,,15.9,,15.9,,15.9,,5.7,,6.0,,8.0,,9.4,,10.5,,12.2,,12.2,,12.2,,12.2,,12.2,,12.2,,12.2,"b,h",12.2,,..,,..,,..,,..,,..,,..,,4.4,,4.5,,..,,..,,..,,..,,4.5,
Ghana,..,,..,,..,,..,,57.9,,..,,..,,..,,..,,66.6,,..,,..,,66.6,,..,,..,,..,,..,,48.4,d,52.6,d,55.0,,59.0,,..,,63.3,d,..,,..,,63.3,,7.4,,7.4,,7.4,,7.5,,7.8,,8.6,,9.0,,9.7,,10.1,,10.5,,10.5,,10.5,,10.5,,3.4,,4.2,,5.0,,5.6,,6.1,,6.5,,6.6,,6.7,,6.8,,7.0,,7.1,,7.1,b,7.1,,3.6,,2.5,,..,,..,,..,,5.4,,..,,..,,..,,..,,..,,..,,5.4,
Greece,..,,..,,..,,..,,..,,..,,..,,..,,..,,97.2,,..,,..,,97.2,,40.9,,42.3,,40.9,,40.7,,81.0,,99.7,,101.5,,99.9,,..,,..,,..,,..,,99.9,,11.8,,12.7,,12.9,,13.1,,14.1,,16.7,,16.9,,16.5,,16.5,,16.5,,16.5,,16.5,,16.5,,6.6,,7.3,,7.9,,8.2,,8.6,,9.8,,9.8,,9.9,,10.0,,10.1,,10.1,,10.1,"b,h",10.1,,..,,2.3,,..,,..,,3.3,,4.0,,..,,..,,..,,..,,..,,..,,4.0,
Grenada,..,,..,,..,,..,,..,,..,,..,,..,,..,,..,,..,,..,,..,,48.9,,..,,..,,..,,..,,..,,..,,..,,..,,91.8,,..,,..,,91.8,,11.9,,11.9,,12.7,,13.6,,14.4,,15.3,,15.5,,15.6,,15.8,,16.0,,16.0,,16.0,,16.0,,..,,..,,..,,..,,..,,..,,..,,..,,..,,..,,8.6,,8.6,b,8.6,,..,,5.6,,..,,..,,..,,..,,..,,..,,..,,..,,..,,..,,4.9,
Guatemala,..,,..,,..,,..,,..,,..,,..,,..,,..,,74.5,,..,,..,,74.5,,..,,34.4,,..,,38.7,,58.2,d,67.0,d,67.6,d,70.5,,..,,..,,..,,..,,70.5,,6.0,,6.1,,6.7,,7.3,,8.7,,10.0,,10.1,,10.6,,10.6,,10.6,,10.6,,10.6,,10.6,,2.4,,2.7,,3.0,,3.2,,3.5,,3.6,,3.7,,3.8,,3.9,,4.0,,4.1,,4.1,b,4.1,,1.8,,1.5,,..,,..,,..,,..,,3.0,,3.0,,3.2,,..,,..,,..,,3.2,
Guinea,..,,..,,..,,..,,..,,..,,..,,..,,..,,39.5,,..,,..,,39.5,,..,,15.7,,14.3,,20.2,,30.3,d,45.3,d,48.0,,50.5,d,51.0,,..,,..,,..,,51.0,,3.4,,3.3,,2.8,,3.6,,4.9,,7.5,,8.0,,8.4,,8.6,,8.6,,8.6,,8.6,,8.6,,..,,..,,..,,..,,..,,1.6,,1.6,,1.6,,1.6,,1.6,,1.6,,1.6,"b,m",1.6,,..,,..,,..,,..,,2.5,,1.8,,..,,..,,2.4,,..,,..,,..,,2.4,
Guinea-Bissau,..,,..,,..,,..,,41.4,,..,,..,,..,,..,,52.2,,..,,..,,52.2,,..,,..,,..,,..,,40.3,,62.0,,64.6,,..,,..,,..,,..,,..,,64.6,,3.3,,3.3,,3.6,,4.9,,6.1,,8.8,,9.1,,9.1,,9.1,,9.1,,9.1,,9.1,,9.1,,..,,..,,..,,..,,..,,2.3,,2.3,,2.3,,2.3,,2.3,,2.3,,2.3,"b,f",2.3,,..,,..,,..,,..,,..,,..,,..,,..,,..,,..,,..,,..,,..,
Guyana,..,,..,,..,,..,,..,,..,,..,,..,,..,,..,,..,,..,,..,,41.7,,38.4,,..,,38.3,,..,d,83.7,,..,,81.2,,80.6,,78.6,,..,,..,,78.6,,9.4,,9.5,,10.3,,11.1,,12.4,,13.0,,12.5,,12.3,,12.2,,11.9,,11.9,,11.9,,11.9,,5.5,,6.0,,6.4,,6.8,,7.1,,7.5,,7.6,,7.7,,7.8,,7.9,,8.0,,8.0,b,8.0,,..,,8.3,,..,,..,,8.5,,8.1,,8.1,,6.1,,..,,..,,..,,..,,6.1,
Haiti,..,,..,,..,,..,,..,,..,,48.7,,..,,..,,..,,..,,..,,48.7,,27.0,,..,,..,,..,,..,,..,,..,,..,,..,,..,,..,,..,,..,,5.1,,6.6,,7.1,,7.5,,7.6,,7.6,,7.6,,7.6,,7.6,,7.6,,7.6,,7.6,n,7.6,,1.4,,2.2,,2.7,,3.3,,3.9,,4.5,,4.5,,4.6,,4.7,,4.8,,4.9,,4.9,b,4.9,,1.4,,1.0,,..,,..,,..,,..,,..,,..,,..,,..,,..,,..,,..,
Honduras,..,,..,,..,,..,,..,,..,,..,,83.6,,..,,..,,..,,..,,83.6,,44.6,,49.2,,49.5,,..,,..,,..,,..,,..,,71.8,k,..,,..,,..,,71.8,,7.7,,8.7,,8.6,,9.1,,10.0,,10.9,,11.1,,11.2,,11.4,,11.4,,11.4,,11.4,,11.4,,2.9,,3.7,,4.3,,4.8,,5.3,,5.9,,6.0,,6.1,,6.3,,6.4,,6.5,,6.5,b,6.5,,3.0,,4.0,,..,,3.6,,..,,..,,..,,..,,..,,..,,..,,..,,..,
"Hong Kong, China (SAR)",..,,..,,..,,..,,..,,..,,..,,..,,..,,..,,..,,..,,..,,32.9,,..,,..,,..,,..,,74.5,,74.2,,77.3,d,83.1,d,83.6,d,..,,..,,83.6,,11.3,,11.9,,12.5,,13.0,,13.6,,13.8,,13.8,,14.4,,15.5,,15.7,,15.7,,15.7,,15.7,,6.7,,7.6,,8.5,,8.7,,8.7,,9.4,,9.5,,9.7,,9.8,,9.9,,10.0,,10.0,b,10.0,,..,,..,,..,,..,,..,,4.2,,3.9,,3.5,,3.3,,4.5,,..,,..,,4.5,
Hungary,98.9,,..,,..,,..,,..,,..,,..,,..,,..,,99.4,,..,,..,,99.4,,28.1,,32.6,,24.4,,26.8,,80.5,,89.3,,90.2,,90.3,,90.1,,89.6,,..,,..,,89.6,,11.3,,11.9,,11.3,,12.5,,14.2,,15.2,,15.3,,15.3,,15.3,,15.3,,15.3,,15.3,,15.3,,8.8,,8.8,,8.7,,10.4,,10.5,,10.7,,10.8,,10.8,,10.9,,11.0,,11.1,,11.1,"b,h",11.1,,4.6,,5.2,,..,,..,,4.8,,5.5,,5.4,,5.2,,..,,..,,..,,..,,5.2,
Iceland,..,,..,,..,,..,,..,,..,,..,,..,,..,,..,,..,,..,,..,,37.1,,38.2,,40.7,,45.7,,89.7,,95.5,,96.0,,95.7,,96.5,,96.0,,..,,..,,96.0,,12.5,,13.3,,14.2,,15.9,,17.0,,18.0,,18.0,,18.0,,18.0,,18.0,,18.0,,18.0,,18.0,,7.4,,7.9,,8.4,,8.8,,9.3,,9.9,,10.0,,10.1,,10.2,,10.3,,10.4,,10.4,b,10.4,,4.4,,4.7,,..,,..,,5.8,,7.6,,7.5,,7.4,,..,,..,,..,,..,,7.4,
India,..,,..,,..,,..,,..,,..,,62.8,,..,,..,,..,,..,,..,,62.8,,29.0,,31.2,,32.7,,33.2,,52.1,d,60.8,,61.2,,62.6,,..,,..,,..,,..,,62.6,,6.5,,7.3,,7.7,,8.3,,8.4,,9.9,,10.1,,10.3,,10.3,,10.3,,10.3,,10.3,,10.3,,1.9,,2.4,,3.0,,3.3,,3.6,,4.0,,4.1,,4.1,,4.2,,4.3,,4.4,,4.4,b,4.4,,2.9,,3.2,,..,,..,,4.4,,3.1,,3.1,,..,,..,,..,,..,,..,,3.1,
Indonesia,67.3,,..,,81.5,,..,,..,,..,,92.0,,..,,92.2,,..,,..,,..,,92.2,,..,,50.5,,47.5,,46.1,,..,,69.3,d,70.3,,74.5,,74.5,,77.6,,..,,..,,77.6,,8.7,,10.1,,10.4,,10.5,,11.1,,11.8,,12.0,,12.7,,12.7,,13.2,,13.2,,13.2,,13.2,,3.1,,3.5,,3.3,,4.2,,4.8,,5.3,,5.4,,5.5,,5.6,,5.7,,5.8,,5.8,b,5.8,,..,,..,,..,,..,,..,,2.9,,3.6,,3.5,,2.8,,..,,..,,..,,2.8,
Iran (Islamic Republic of),..,,..,,..,,..,,..,,82.4,,82.3,,..,,85.0,,..,,..,,..,,85.0,,..,,36.5,,..,,40.4,,72.5,k,67.4,k,70.6,k,71.9,k,68.9,,69.9,,..,,..,,69.9,,8.4,,8.4,,9.3,,10.9,,12.2,,12.2,,12.8,,13.0,,12.8,,12.7,,12.7,,12.7,,12.7,,2.1,,2.8,,3.7,,4.4,,5.1,,6.1,,6.4,,6.6,,6.8,,7.0,,7.3,,7.3,b,7.3,,..,,3.8,,..,,..,,4.4,,4.7,,5.1,,5.5,,4.8,,4.7,,..,,..,,4.7,
Iraq,..,,..,,..,,..,,74.1,,..,,..,,..,,..,,78.1,,..,,..,,78.1,,49.2,,43.9,,..,,..,,53.5,,..,,..,,..,,..,,..,,..,,..,,..,,10.3,,9.6,,9.4,,8.8,,8.5,,9.8,,9.8,,9.8,,9.8,,9.8,,9.8,,9.8,,9.8,,1.5,,2.1,,2.9,,3.9,,4.8,,5.3,,5.3,,5.4,,5.4,,5.5,,5.6,,5.6,b,5.6,,2.7,,4.1,,..,,..,,..,,..,,..,,..,,..,,..,,..,,..,,..,
Ireland,..,,..,,..,,..,,..,,..,,..,,..,,..,,..,,..,,..,,..,,44.8,,45.3,,47.6,,48.5,,91.8,,98.0,,98.0,,100.4,,99.8,,101.2,,..,,..,,101.2,,11.4,,11.9,,12.5,,13.6,,16.7,,17.6,,17.6,,17.9,,17.9,,18.0,,18.0,,18.0,,18.0,,9.5,,10.1,,10.4,,10.9,,11.2,,11.4,,11.4,,11.5,,11.5,,11.6,,11.6,,11.6,b,11.6,,5.8,,5.4,,..,,..,,4.3,,4.7,,4.8,,4.9,,..,,..,,..,,..,,4.9,
Israel,..,,..,,..,,..,,..,,..,,..,,..,,..,,..,,..,,..,,..,,47.7,,..,,44.9,,48.0,,88.3,,90.0,,89.9,,90.9,,90.2,,91.0,,..,,..,,91.0,,12.3,,13.0,,12.8,,13.4,,14.9,,15.4,,15.4,,15.6,,15.4,,15.5,,15.5,,15.5,,15.5,,9.8,,10.3,,10.8,,11.2,,11.6,,11.9,,11.9,,11.9,,11.9,,11.9,,11.9,,11.9,b,11.9,,8.8,,9.1,,..,,..,,6.5,,6.1,,6.1,,5.9,,..,,..,,..,,..,,5.9,
Italy,..,,..,,..,,..,,..,,..,,..,,..,,..,,98.9,,..,,..,,98.9,,35.5,,32.2,,31.1,,36.3,,81.4,,90.0,,91.0,,91.6,,91.8,,..,,..,,..,,91.8,,12.2,,12.1,,12.7,,14.1,,14.9,,16.0,,16.2,,16.3,,16.3,,16.3,,16.3,,16.3,,16.3,,6.1,,6.6,,7.2,,7.8,,8.4,,9.5,,9.6,,9.8,,9.9,,10.0,,10.1,,10.1,"b,h",10.1,,..,,4.9,,..,,..,,4.5,,4.4,,4.7,,4.3,,..,,..,,..,,..,,4.3,
Jamaica,..,,..,,..,,..,,..,,..,,..,,..,,..,,86.4,,..,,..,,86.4,,..,,..,,..,,..,,74.7,d,..,,..,,..,,86.7,,..,,..,,..,,86.7,,11.1,,10.9,,11.2,,11.5,,11.6,,12.5,,13.0,,13.4,,13.8,,13.8,,13.8,,13.8,,13.8,,5.2,,5.8,,6.4,,7.4,,8.6,,9.0,,9.2,,9.3,,9.4,,9.5,,9.6,,9.6,b,9.6,,..,,5.5,,..,,..,,5.0,,4.6,,..,,5.5,,6.2,,5.8,,..,,..,,5.8,
Japan,..,,..,,..,,..,,..,,..,,..,,..,,..,,..,,..,,..,,..,,47.7,k,44.8,,40.3,k,44.5,,82.8,d,86.0,,86.9,,87.3,,87.5,,88.1,,..,,..,,88.1,,13.1,,13.1,,13.2,,14.1,,14.5,,14.9,,15.0,,15.1,,15.1,,15.1,,15.1,,15.1,,15.1,,8.9,,9.4,,9.9,,10.4,,10.8,,11.2,,11.3,,11.4,,11.5,,11.5,,11.6,,11.6,"b,h",11.6,,5.8,,5.2,,..,,..,,3.7,,3.5,,3.5,,3.5,,..,,..,,..,,..,,3.5,
Jordan,..,,..,,..,,..,,..,,91.1,,..,,92.2,,..,,..,,..,,..,,92.2,,51.4,,49.2,,48.2,,..,,75.4,,76.8,,76.5,,76.7,,78.3,,..,,..,,..,,78.3,,12.0,,12.4,,12.2,,12.2,,12.5,,12.8,,12.8,,12.8,,13.1,,13.1,,13.1,,13.1,,13.1,,3.1,,4.0,,5.1,,6.4,,7.3,,8.0,,8.1,,8.3,,8.4,,8.5,,8.6,,8.6,b,8.6,,6.8,,6.8,,..,,..,,..,,..,,..,,..,,..,,..,,..,,..,,..,
Kazakhstan,..,,..,,..,,..,,..,,..,,..,,..,,..,,99.7,,..,,..,,99.7,,..,,..,,37.0,,38.0,,79.0,,91.1,,91.8,,91.3,,90.9,,90.0,,..,,..,,90.0,,11.6,,12.3,,12.4,,11.9,,12.3,,14.9,,15.0,,15.0,,15.1,,15.0,,15.1,,15.1,,15.1,,6.1,,7.0,,7.7,,8.8,,9.9,,10.2,,10.2,,10.2,,10.3,,10.3,,10.4,,10.4,b,10.4,,..,,..,,..,,..,,3.3,,2.3,,2.6,,2.8,,..,,..,,..,,..,,2.8,
Kenya,..,,..,,..,,..,,82.2,,..,,..,,..,,..,,87.0,,..,,..,,87.0,,51.2,,45.6,,..,,..,,52.6,,58.8,d,59.3,d,62.9,d,..,,66.7,,..,,..,,66.7,,9.3,,9.2,,9.0,,8.5,,8.3,,9.6,,9.7,,10.3,,10.6,,11.0,,11.0,,11.0,,11.0,,2.7,,3.4,,4.2,,5.1,,5.9,,6.5,,6.6,,6.7,,6.8,,6.9,,7.0,,7.0,b,7.0,,5.9,,5.3,,..,,..,,5.2,,7.3,,7.0,,..,,..,,..,,..,,..,,7.0,
Kiribati,..,,..,,..,,..,,..,,..,,..,,..,,..,,..,,..,,..,,..,,..,,..,,52.3,,57.3,,81.2,,76.2,d,75.2,d,73.0,d,73.5,,..,,..,,..,,73.5,,10.3,,10.3,,10.3,,10.9,,12.8,,12.3,,12.3,,11.9,,12.1,,12.1,,12.1,,12.1,,12.1,,..,,..,,..,,..,,..,,..,,..,,..,,..,,..,,7.8,,7.8,b,7.8,,..,,..,,..,,..,,11.3,,..,,..,,..,,..,,..,,..,,..,,11.9,
Korea (Democratic People's Rep. of),..,,..,,..,,..,,..,,..,,..,,..,,100.0,,..,,..,,..,,100.0,,..,,..,,..,,..,,..,,..,,..,,..,,..,,..,,..,,..,,..,,..,,..,,..,,..,,..,,..,,..,,..,,..,,..,,..,,..,,..,,..,,..,,..,,..,,..,,..,,..,,..,,..,,..,,..,,..,b,..,,..,,..,,..,,..,,..,,..,,..,,..,,..,,..,,..,,..,,..,
Korea (Republic of),..,,..,,..,,..,,..,,..,,..,,..,,..,,..,,..,,..,,..,,41.9,,43.9,,46.2,,48.4,,92.3,,96.8,,97.9,,99.2,,99.8,,100.3,,..,,..,,100.3,,11.6,,13.1,,13.7,,14.7,,15.8,,16.3,,16.5,,16.7,,16.8,,16.9,,16.9,,16.9,,16.9,,7.3,,8.2,,8.9,,10.0,,10.6,,11.1,,11.2,,11.3,,11.4,,11.5,,11.6,,11.6,"b,h",11.6,,3.5,,4.2,,..,,..,,..,,4.1,,4.2,,4.2,,..,,..,,..,,..,,4.2,
Kuwait,67.5,,74.5,,..,,78.4,,..,,93.3,,93.3,,94.5,,93.9,,..,,..,,..,,93.9,,33.5,,34.9,,29.7,,30.5,,..,,..,,..,,..,,..,,..,,..,,..,,..,,11.1,,12.5,,10.9,,11.4,,13.1,,12.3,,12.3,,12.3,,12.3,,12.3,,12.3,,12.3,,12.3,,4.3,,5.3,,5.5,,5.7,,6.1,,6.0,,6.0,,6.0,,6.0,,6.1,,6.1,,6.1,b,6.1,,2.8,,5.2,,..,,..,,..,,4.7,,3.8,,..,,..,,..,,..,,..,,3.8,
Kyrgyzstan,..,,..,,..,,..,,..,,..,,..,,..,,..,,99.2,,..,,..,,99.2,,..,,..,,33.1,,32.2,,76.1,,77.3,,77.4,,77.0,,77.3,d,76.4,k,..,,..,,76.4,,12.7,,12.7,,11.8,,10.4,,11.9,,12.4,,12.4,,12.4,,12.6,,12.5,,12.5,,12.5,,12.5,,6.6,,7.4,,8.1,,8.6,,9.2,,9.2,,9.2,,9.2,,9.2,,9.3,,9.3,,9.3,b,9.3,,..,,..,,..,,..,,3.5,,4.9,,5.5,,6.5,,5.9,,..,,..,,..,,5.9,
Lao People's Democratic Republic,..,,..,,..,,60.3,,69.6,,72.7,,..,,..,,..,,..,,..,,..,,72.7,,38.4,,36.6,,36.4,,40.3,,55.0,,58.8,,58.4,,58.4,,59.0,,..,,..,,..,,59.0,,6.3,,6.3,,6.8,,7.0,,8.2,,9.0,,9.0,,9.0,,9.2,,9.2,,9.2,,9.2,,9.2,,2.1,,2.5,,3.1,,3.6,,3.9,,4.2,,4.3,,4.4,,4.4,,4.5,,4.6,,4.6,b,4.6,,..,,0.4,,..,,..,,1.5,,2.4,,2.9,,3.0,,2.3,,..,,..,,..,,2.3,
Latvia,..,,..,,..,,..,,99.7,,..,,..,,..,,..,,99.8,,..,,..,,99.8,,..,,30.4,,29.4,,28.6,,84.5,,91.1,,90.2,,88.6,,87.8,,84.5,,..,,..,,84.5,,13.3,,13.5,,12.7,,11.6,,14.2,,15.6,,15.5,,15.4,,15.4,,15.0,,15.0,,15.0,,15.0,,6.3,,6.9,,7.5,,8.8,,9.4,,10.4,,10.6,,10.8,,11.0,,11.3,,11.5,,11.5,"b,h",11.5,,3.3,,3.4,,..,,..,,5.4,,..,,5.1,,5.0,,..,,..,,..,,..,,5.0,
Lebanon,..,,..,,..,,..,,..,,..,,..,,89.6,,..,,..,,..,,..,,89.6,,42.7,,35.8,,..,,..,,..,,..,,77.8,,79.1,,79.7,,80.8,,..,,..,,80.8,,10.9,,9.9,,10.3,,10.9,,12.7,,13.1,,13.2,,13.4,,13.5,,13.8,,13.8,,13.8,,13.8,,..,,..,,..,,..,,..,,7.9,,7.9,,7.9,,7.9,,7.9,,7.9,,7.9,"b,i",7.9,,..,,..,,..,,..,,1.9,,2.6,,2.7,,2.6,,2.0,,1.8,,..,,..,,1.8,
Lesotho,..,,..,,..,,..,,86.3,,..,,..,,..,,..,,89.7,,..,,..,,89.7,,46.8,,52.5,,52.8,,51.7,,60.7,d,61.5,d,61.4,d,59.2,d,..,,..,,..,,..,,59.2,,8.2,,9.3,,9.5,,9.6,,9.9,,10.3,,10.3,,9.9,,9.9,,9.9,,9.9,,9.9,,9.9,,3.7,,4.1,,4.4,,4.6,,4.9,,5.3,,5.4,,5.5,,5.6,,5.8,,5.9,,5.9,"b,h",5.9,,8.1,,6.5,,..,,..,,11.4,,14.2,,13.8,,..,,12.4,,..,,..,,..,,12.4,
Liberia,..,,..,,..,,..,,..,,..,,..,,..,,..,,59.1,,..,,..,,59.1,,..,,..,,..,,..,,65.3,,..,,..,,..,,..,,..,,..,,..,,..,,9.3,,9.3,,9.3,,9.3,,11.0,,11.0,,11.0,,11.0,,11.0,,11.0,,11.0,,11.0,,11.0,,1.5,,1.9,,2.4,,2.9,,3.2,,3.4,,3.5,,3.6,,3.7,,3.8,,3.9,,3.9,b,3.9,,5.8,,..,,..,,..,,..,,..,,..,,..,,2.8,,..,,..,,..,,2.8,
Libyan Arab Jamahiriya,..,,..,,..,,..,,..,,..,,..,,..,,..,,88.9,,..,,..,,88.9,,57.1,,..,,..,k,..,,..,,..,,..,,..,,..,,..,,..,,..,,..,,12.6,,11.6,,12.7,,14.3,,16.0,,16.6,,16.6,,16.6,,16.6,,16.6,,16.6,,16.6,,16.6,,2.2,,2.9,,3.8,,4.7,,5.6,,6.4,,6.5,,6.7,,6.9,,7.1,,7.3,,7.3,b,7.3,,3.4,,7.1,,..,,..,,..,,..,,..,,..,,..,,..,,..,,..,,..,
Liechtenstein,..,,..,,..,,..,,..,,..,,..,,..,,..,,..,,..,,..,,..,,..,,..,,..,,..,,..,,..,,70.6,d,70.2,d,72.1,d,86.7,k,..,,..,,86.7,,11.3,,11.3,,11.3,,11.3,,11.3,,11.9,,11.9,,11.9,,12.2,,14.7,,14.7,,14.7,,14.7,,..,,..,,..,,..,,..,,..,,..,,..,,..,,..,,10.3,,10.3,"b,o",10.3,,..,,..,,..,,..,,..,,..,,2.1,,2.0,,..,,..,,..,,..,,2.0,
Lithuania,..,,..,,..,,..,,..,,..,,..,,..,,..,,99.7,,..,,..,,99.7,,..,,..,,30.7,,32.1,,86.9,,93.2,,92.8,,92.2,,92.3,,93.1,,..,,..,,93.1,,13.2,,13.2,,12.8,,12.0,,14.6,,15.9,,15.9,,15.9,,16.0,,16.1,,16.1,,16.1,,16.1,,6.8,,7.5,,8.3,,9.1,,9.9,,10.7,,10.7,,10.8,,10.8,,10.9,,10.9,,10.9,b,10.9,,..,,..,,..,,..,,..,,4.9,,4.8,,4.7,,..,,..,,..,,..,,4.7,
Luxembourg,..,,..,,..,,..,,..,,..,,..,,..,,..,,..,,..,,..,,..,,27.2,,..,,..,,..,,75.5,,..,,74.9,,..,,..,,..,,..,,..,,74.9,,9.9,,10.7,,11.0,,11.9,,13.5,,13.4,,13.3,,13.3,,13.3,,13.3,,13.3,,13.3,,13.3,,8.3,,8.6,,8.8,,9.3,,9.7,,9.9,,9.9,,10.0,,10.0,,10.0,,10.1,,10.1,b,10.1,,5.6,,2.6,,..,,..,,..,,..,,..,,..,,..,,..,,..,,..,,3.7,
Madagascar,..,,..,,..,,..,,70.7,,..,,..,,..,,..,,64.5,,..,,..,,64.5,,48.6,,42.7,,35.0,,30.6,,..,,62.5,d,63.5,d,64.7,d,66.0,d,69.1,d,..,,..,,69.1,,8.0,,8.1,,6.6,,6.3,,7.0,,9.4,,9.7,,9.8,,10.2,,10.7,,10.7,,10.7,,10.7,,..,,..,,..,,..,,5.2,,5.2,,5.2,,5.2,,5.2,,5.2,,5.2,,5.2,"b,l",5.2,,4.3,,2.8,,..,,..,,2.9,,3.8,,3.3,,3.4,,2.9,,3.0,,..,,..,,3.0,
Malawi,..,,..,,..,,..,,..,,..,,..,,..,,..,,73.7,,..,,..,,73.7,,27.6,,26.2,,30.7,,64.4,,68.1,d,61.0,d,61.0,d,59.3,d,..,,..,,..,,..,,59.3,,4.8,,4.6,,5.2,,10.9,,10.3,,9.1,,9.1,,8.9,,8.9,,8.9,,8.9,,8.9,,8.9,,1.8,,2.1,,2.5,,2.7,,3.0,,3.4,,3.6,,3.7,,3.9,,4.1,,4.2,,4.2,b,4.2,,2.6,,2.5,,..,,..,,5.2,,..,,..,,..,,..,,..,,..,,..,,4.2,
Malaysia,69.5,,..,,..,,..,,88.7,,..,,..,,..,,..,,92.5,,..,,..,,92.5,,35.4,,36.9,,37.2,,38.9,,68.0,,71.4,,70.9,d,69.8,,70.3,,..,,..,,..,,70.3,,9.1,,10.0,,9.8,,10.5,,11.8,,12.7,,12.7,,12.5,,12.6,,12.6,,12.6,,12.6,,12.6,,4.4,,5.6,,6.5,,7.6,,8.2,,8.9,,9.1,,9.2,,9.3,,9.4,,9.5,,9.5,b,9.5,,5.7,,6.0,,..,,..,,6.0,,7.5,,4.7,,4.5,,4.1,,..,,..,,..,,4.1,
Maldives,..,,92.2,,96.0,,96.3,,96.3,,..,,98.4,,..,,..,,..,,..,,..,,98.4,,..,,..,,..,,..,,77.7,,73.1,d,71.6,d,69.3,d,..,,..,,..,,..,,69.3,,11.1,,11.1,,11.1,,11.1,,12.4,,12.5,,12.4,,12.4,,12.4,,12.4,,12.4,,12.4,,12.4,,4.5,,4.6,,4.0,,3.5,,4.2,,5.0,,5.2,,5.3,,5.5,,5.7,,5.8,,5.8,"b,h",5.8,,..,,..,,..,,..,,..,,7.8,,8.0,,7.8,,8.1,,11.2,,..,,..,,11.2,
Mali,..,,..,,..,,..,,..,,..,,26.2,,..,,..,,..,,..,,..,,26.2,,11.3,,10.2,,11.6,,16.8,,31.1,d,42.0,d,44.3,d,47.3,d,50.0,,52.7,,..,,..,,52.7,,2.2,,1.9,,2.1,,3.1,,4.7,,6.6,,7.0,,7.5,,8.0,,8.3,,8.3,,8.3,,8.3,,0.4,,0.5,,0.7,,0.9,,1.2,,1.7,,1.7,,1.8,,1.9,,1.9,,2.0,,2.0,"b,h",2.0,,3.4,,2.9,,..,,..,,3.6,,4.1,,..,,..,,3.8,,4.4,,..,,..,,4.4,
Malta,..,,88.0,,..,,87.9,,..,,92.4,,..,,..,,..,,..,,..,,..,,92.4,,36.1,,39.0,,40.7,,39.9,,76.0,,81.2,,..,,78.4,,79.0,,..,,..,,..,,79.0,,12.7,,12.3,,12.8,,13.3,,13.9,,14.9,,14.6,,14.4,,14.4,,14.4,,14.4,,14.4,,14.4,,7.1,,7.6,,8.3,,8.3,,9.0,,9.7,,9.8,,9.8,,9.9,,9.9,,9.9,,9.9,b,9.9,,..,,3.7,,..,,..,,..,,..,,..,,6.4,,..,,..,,..,,..,,6.4,
Marshall Islands,..,,..,,..,,..,,..,,..,,..,,..,,..,,..,,..,,..,,..,,..,,..,,..,,..,,..,,..,,..,,..,,..,,..,,..,,..,,..,,11.8,,11.8,,11.8,,11.8,,11.8,,10.8,,10.8,,10.8,,10.8,,10.8,,10.8,,10.8,,10.8,,..,,..,,..,,..,,9.8,"l,p",9.8,"l,p",9.8,"l,p",9.8,"l,p",9.8,"l,p",9.8,"l,p",9.8,"l,p",..,,9.8,,..,,..,,..,,..,,15.0,,..,,..,,..,,..,,..,,..,,..,,12.0,
Mauritania,..,,..,,..,,..,,51.2,,..,,..,,..,,..,,57.5,,..,,..,,57.5,,..,,..,,20.3,,30.6,,..,,47.7,,49.4,k,50.3,d,..,,..,,..,,..,,50.3,,3.9,,3.9,,3.8,,5.7,,6.8,,7.6,,7.9,,8.1,,8.1,,8.1,,8.1,,8.1,,8.1,,1.8,,2.0,,2.2,,2.6,,2.9,,3.3,,3.4,,3.5,,3.6,,3.7,,3.7,,3.7,b,3.7,,..,,..,,..,,..,,..,,2.3,,2.9,,..,,..,,..,,..,,..,,2.9,
Mauritius,..,,..,,79.9,,..,,84.3,,..,,..,,..,,..,,87.9,,..,,..,,87.9,,32.3,,35.3,,36.3,,34.8,,68.6,d,75.2,d,76.3,d,75.8,d,76.2,d,..,,..,,..,,76.2,,9.1,,9.7,,10.5,,11.2,,12.4,,13.4,,13.6,,13.5,,13.6,,13.6,,13.6,,13.6,,13.6,,4.5,,4.8,,5.7,,6.3,,6.2,,6.8,,6.8,,6.9,,7.0,,7.1,,7.2,,7.2,b,7.2,,5.8,,4.3,,..,,..,,3.8,,4.2,,3.8,,3.4,,3.3,,3.2,,..,,..,,3.2,
Mexico,83.0,,..,,87.6,,..,,90.5,,91.6,,91.7,,92.8,,92.9,,93.4,,..,,..,,93.4,,53.1,,..,,46.8,,45.6,,72.2,,77.9,,78.9,,80.1,,81.6,,82.6,,..,,..,,82.6,,10.4,,11.4,,10.9,,11.1,,12.1,,13.0,,13.2,,13.4,,13.7,,13.9,,13.9,,13.9,,13.9,,4.0,,4.8,,5.5,,6.4,,7.4,,7.8,,8.0,,8.1,,8.2,,8.4,,8.5,,8.5,b,8.5,,4.6,,3.7,,..,,..,,4.9,,5.0,,4.8,,4.8,,..,,..,,..,,..,,4.8,
Micronesia (Federated States of),..,,..,,..,,..,,..,,..,,..,,..,,..,,..,,..,,..,,..,,..,,..,,..,,..,,..,,..,,..,,..,,..,,..,,..,,..,,..,,..,,..,,..,,..,,..,,11.7,,11.9,,12.1,,12.1,,12.1,,12.1,,12.1,n,12.1,,..,,..,,..,,..,,8.8,,8.8,,8.8,,8.8,,8.8,,8.8,,8.8,,8.8,"b,l",8.8,,..,,..,,..,,..,,6.9,,..,,..,,..,,..,,..,,..,,..,,6.9,
Moldova (Republic of),..,,..,,..,,..,,96.7,,..,,..,,..,,..,,98.5,,..,,..,,98.5,,..,,..,,35.0,k,34.8,k,71.6,k,71.1,k,71.9,k,71.6,k,70.5,k,69.5,k,..,,..,,69.5,k,11.9,,11.9,,11.9,,11.0,,11.4,,12.0,,12.2,,12.1,,12.1,,11.9,,11.9,,11.9,,11.9,,6.4,,7.3,,8.0,,8.6,,9.0,,9.4,,9.4,,9.5,,9.6,,9.6,,9.7,,9.7,b,9.7,,..,,..,,..,,..,,4.5,,7.2,,7.5,,8.3,,8.2,,9.6,,..,,..,,9.6,
Monaco,..,,..,,..,,..,,..,,..,,..,,..,,..,,..,,..,,..,,..,,..,,..,,..,,..,,..,,..,,..,,..,,..,,105.0,k,..,,..,,105.0,,17.6,,17.6,,17.6,,17.6,,17.6,,17.5,,17.5,,17.5,,17.5,,17.5,,17.5,,17.5,,17.5,,..,,..,,..,,..,,..,,..,,..,,..,,..,,..,,..,,..,b,..,,..,,..,,..,,..,,8.2,,..,,..,,..,,..,,..,,..,,..,,1.2,
Mongolia,..,,..,,..,,..,,97.8,,..,,..,,..,,..,,97.5,,..,,..,,97.5,,32.9,,31.8,,27.6,,24.7,,66.0,,78.3,,79.1,,..,,..,,84.3,,..,,..,,84.3,,10.8,,10.6,,10.0,,7.7,,9.5,,12.6,,12.9,,13.3,,13.7,,14.1,,14.1,,14.1,,14.1,,5.7,,6.6,,7.6,,7.7,,8.1,,8.2,,8.2,,8.3,,8.3,,8.3,,8.3,,8.3,b,8.3,,11.9,,..,,..,,..,,5.8,,..,,..,,5.1,,..,,5.6,,..,,..,,5.6,
Montenegro,..,,..,,..,,..,,..,,..,,..,,..,,..,,..,,..,,..,,..,,..,,..,,..,,..,,..,,..,,..,,..,,..,,..,,..,,..,,..,,..,,..,,..,,..,,..,,13.7,,13.7,,13.7,,13.7,,13.7,,13.7,,13.7,g,13.7,,..,,..,,..,,..,,..,,10.6,,10.6,,10.6,,10.6,,10.6,,10.6,,10.6,b,10.6,,..,,..,,..,,..,,..,,..,,..,,..,,..,,..,,..,,..,,..,
Morocco,..,,..,,..,,..,,..,,..,,..,,..,,55.1,,56.1,,..,,..,,56.1,,28.3,d,..,,25.8,,31.9,,50.5,d,58.8,,59.6,,61.0,d,..,,..,,..,,..,,61.0,,5.9,,7.0,,6.6,,7.3,,8.4,,10.1,,10.1,,10.3,,10.3,,10.3,,10.3,,10.3,,10.3,,1.2,,1.7,,2.2,,2.8,,3.4,,3.9,,4.0,,4.1,,4.2,,4.3,,4.4,,4.4,b,4.4,,5.9,,5.9,,..,,..,,5.8,,..,,5.5,,..,,5.6,,..,,..,,..,,5.6,
Mozambique,27.1,,..,,..,,..,,..,,..,,..,,..,,..,,55.1,,..,,..,,55.1,,33.8,,25.8,,..,,23.2,,37.3,d,52.5,,54.6,d,58.8,d,..,,..,,..,,..,,58.8,,5.3,,4.1,,3.7,,4.0,,5.8,,8.2,,8.5,,9.2,,9.2,,9.2,,9.2,,9.2,,9.2,,0.7,,0.8,,0.8,,0.8,,0.9,,1.1,,1.1,,1.1,,1.2,,1.2,,1.2,,1.2,b,1.2,,2.5,,2.3,,..,,..,,..,,5.2,,5.0,,..,,..,,..,,..,,..,,5.0,
Myanmar,..,,..,,..,,..,,89.9,,..,,..,,..,,..,,92.0,,..,,..,,92.0,,..,,35.0,,33.8,k,37.1,,..,,..,,..,,56.5,,..,,..,,..,,..,,56.5,,6.1,,6.5,,6.2,,7.6,,8.0,,8.8,,9.0,,9.2,,9.2,,9.2,,9.2,,9.2,,9.2,,1.7,,2.2,,2.4,,2.7,,3.1,,3.5,,3.6,,3.7,,3.8,,3.9,,4.0,,4.0,b,4.0,,..,,1.8,,..,,..,,0.6,,..,,..,,..,,..,,..,,..,,..,,1.3,
Namibia,..,,..,,..,,..,,..,,..,,..,,..,,..,,88.5,,..,,..,,88.5,,..,,..,,..,,59.1,,72.7,d,71.4,,70.6,,71.2,d,..,,..,,..,,..,,71.2,,11.1,,11.1,,11.1,,12.3,,11.7,,11.6,,11.5,,11.6,,11.6,,11.6,,11.6,,11.6,,11.6,,4.2,,4.9,,5.6,,6.1,,6.6,,7.0,,7.1,,7.2,,7.2,,7.3,,7.4,,7.4,b,7.4,,..,,..,,..,,..,,7.9,,..,,6.0,,..,,6.4,,..,,..,,..,,6.4,
Nauru,..,,..,,..,,..,,..,,..,,..,,..,,..,,..,,..,,..,,..,,..,,..,,..,,..,,..,,64.9,k,60.1,,53.0,,56.1,,..,,..,,..,,56.1,,8.7,,8.7,,8.7,,8.7,,8.7,,10.3,,10.1,,8.8,,9.3,,9.3,,9.3,,9.3,,9.3,,..,,..,,..,,..,,..,,..,,..,,..,,..,,..,,..,,..,b,..,,..,,..,,..,,..,,..,,..,,..,,..,,..,,..,,..,,..,,..,
Nepal,..,,..,,..,,..,,..,,..,,..,,..,,..,,59.1,,..,,..,,59.1,,..,,..,,43.3,,44.6,,55.6,,..,,..,,..,,..,,..,,..,,..,,..,,5.6,,5.6,,7.3,,8.0,,8.8,,8.8,,8.8,,8.8,,8.8,,8.8,,8.8,,8.8,,8.8,,0.6,,1.2,,2.0,,2.2,,2.4,,2.7,,2.8,,2.9,,3.0,,3.1,,3.2,,3.2,b,3.2,,1.6,,2.3,,..,,..,,3.0,,..,,..,,..,,3.8,,4.6,,..,,..,,4.6,
Netherlands,..,,..,,..,,..,,..,,..,,..,,..,,..,,..,,..,,..,,..,,42.4,,38.6,,43.5,,52.0,,97.8,,97.4,,97.6,,98.0,,98.5,,98.7,,..,,..,,98.7,,13.0,,13.2,,14.7,,16.7,,16.6,,16.4,,16.5,,16.6,,16.7,,16.8,,16.8,,16.8,,16.8,,9.3,,9.7,,10.2,,10.5,,10.8,,11.0,,11.1,,11.2,,11.4,,11.5,,11.6,,11.6,"b,h",11.6,,7.0,,6.0,,..,,..,,5.0,,5.5,,5.5,,5.3,,..,,..,,..,,..,,5.3,
New Zealand,..,,..,,..,,..,,..,,..,,..,,..,,..,,..,,..,,..,,..,,42.5,k,40.8,k,44.6,,51.3,,96.8,,106.8,,106.8,,108.4,,106.9,,111.6,,..,,..,,111.6,,13.5,,13.8,,14.6,,16.8,,17.4,,18.0,,18.0,,18.0,,18.0,,18.0,,18.0,,18.0,,18.0,,11.6,,11.7,,11.7,,11.9,,12.0,,12.2,,12.3,,12.3,,12.4,,12.5,,12.5,,12.5,b,12.5,,4.3,,3.8,,..,,..,,..,,6.5,,6.1,,6.1,,..,,..,,..,,..,,6.1,
Nicaragua,..,,..,,..,,..,,..,,78.0,,..,,..,,..,,..,,..,,..,,78.0,,40.5,,41.3,,40.8,,44.2,,..,,..,,..,,..,,..,,..,,..,,..,,..,,7.9,,7.4,,7.6,,8.8,,9.8,,10.8,,10.8,,10.8,,10.8,,10.8,,10.8,,10.8,,10.8,,3.2,,3.6,,4.0,,4.3,,4.7,,5.1,,5.3,,5.4,,5.5,,5.6,,5.8,,5.8,b,5.8,,3.2,,5.6,,..,,..,,3.9,,..,,..,,..,,..,,..,,..,,..,,3.1,
Niger,..,,..,,..,,..,,..,,28.7,,..,,..,,..,,..,,..,,..,,28.7,,9.7,,9.6,,11.5,,..,,16.3,d,24.9,,25.9,,26.9,,29.0,,31.3,,..,,..,,31.3,,1.6,,1.8,,2.0,,2.2,,2.5,,3.7,,3.9,,4.0,,4.3,,4.6,,4.9,,4.9,,4.9,,0.5,,0.5,,0.7,,0.9,,1.1,,1.3,,1.3,,1.3,,1.4,,1.4,,1.4,,1.4,b,1.4,,..,,..,,..,,..,,3.2,,..,,3.3,,4.1,,3.7,,4.5,,..,,..,,4.5,
Nigeria,..,,..,,..,,..,,..,,..,,..,,..,,..,,60.8,,..,,..,,60.8,,37.9,,43.9,,..,,..,,49.0,d,54.7,d,54.8,,..,,..,,..,,..,,..,,54.8,,6.7,,8.5,,6.6,,7.1,,7.8,,8.9,,8.9,,8.9,,8.9,,8.9,,8.9,,8.9,,8.9,,..,,..,,..,,..,,..,,5.0,,5.0,,5.0,,5.0,,5.0,,5.0,,5.0,"b,f",5.0,,3.6,,1.4,,..,,0.8,,..,,..,,..,,..,,..,,..,,..,,..,,..,
Norway,..,,..,,..,,..,,..,,..,,..,,..,,..,,..,,..,,..,,..,,43.6,,41.1,,43.2,,50.9,,97.6,,98.4,,98.5,,98.2,,97.1,,96.9,,..,,..,,96.9,,13.1,,13.2,,14.0,,15.4,,17.5,,17.4,,17.5,,17.5,,17.3,,17.3,,17.3,,17.3,,17.3,,9.1,,10.0,,10.8,,11.1,,11.5,,12.7,,12.7,,12.7,,12.7,,12.6,,12.6,,12.6,b,12.6,,6.3,,5.8,,..,,..,,6.6,,7.0,,6.6,,6.8,,..,,..,,..,,..,,6.8,
Occupied Palestinian Territory,..,,..,,..,,..,,..,,..,,93.4,,93.9,,94.1,,94.6,,..,,..,,94.6,,..,,..,,..,,..,,77.5,d,80.0,d,79.3,d,78.3,,76.9,,75.1,,..,,..,,75.1,,10.5,,10.5,,10.5,,10.5,,12.2,,13.0,,13.0,,13.2,,13.1,,12.7,,12.7,,12.7,,12.7,,..,,..,,..,,..,,..,,..,,..,,..,,..,,..,,8.0,,8.0,"b,i",8.0,,..,,..,,..,,..,,..,,..,,..,,..,,..,,..,,..,,..,,..,
Oman,..,,..,,..,,..,,..,,..,,..,,..,,86.6,,..,,..,,..,,86.6,,19.4,,29.2,,38.2,,40.3,,..,,..,,..,,..,,..,,70.1,,..,,..,,70.1,,3.2,,5.6,,7.7,,9.8,,10.8,,11.4,,11.5,,11.6,,11.7,,11.8,,11.8,,11.8,,11.8,,..,,..,,..,,..,,..,,5.5,,5.5,,5.5,,5.5,,5.5,,5.5,,5.5,"b,i",5.5,,1.9,,3.6,,..,,..,,3.1,,3.5,,3.9,,..,,..,,..,,..,,..,,3.9,
Pakistan,..,,..,,..,,..,,..,,49.9,,54.2,,..,,55.5,,..,,..,,..,,55.5,,..,,..,,..,,..,,..,,39.5,d,38.7,,41.4,k,41.5,k,42.0,d,..,,..,,42.0,,5.7,,5.7,,5.7,,5.7,,5.7,,6.4,,6.3,,6.8,,6.8,,6.9,,6.9,,6.9,,6.9,,1.8,,2.1,,2.3,,2.8,,3.3,,4.5,,4.6,,4.7,,4.7,,4.8,,4.9,,4.9,b,4.9,,2.1,,2.4,,..,,..,,1.8,,2.3,,2.6,,2.8,,2.9,,2.7,,..,,..,,2.7,
Palau,91.9,,..,,..,,..,,..,,..,,..,,..,,..,,..,,..,,..,,..,,..,,..,,..,,..,,86.6,d,..,,..,,..,,..,,..,,..,,..,,..,,14.5,,14.5,,14.5,,14.5,,14.5,,14.7,,14.7,,14.7,,14.7,,14.7,,14.7,,14.7,,14.7,,..,,..,,..,,..,,12.1,,12.1,,12.1,,12.1,,12.1,,12.1,,12.1,,12.1,"b,l",12.1,,..,,..,,..,,..,,9.8,,..,,..,,..,,..,,..,,..,,..,,10.3,
Panama,88.1,,..,,88.8,,..,,91.9,,..,,..,,..,,..,,93.6,,..,,..,,93.6,,47.8,,46.0,,44.8,,46.5,,76.4,,79.5,,79.7,,80.1,,78.9,,..,,..,,..,,78.9,,11.2,,11.2,,11.2,,11.6,,12.8,,13.4,,13.4,,13.3,,13.2,,13.2,,13.2,,13.2,,13.2,,5.9,,6.6,,7.3,,8.0,,8.5,,9.0,,9.1,,9.2,,9.2,,9.3,,9.4,,9.4,b,9.4,,4.4,,4.4,,..,,..,,5.0,,..,,..,,..,,3.8,,..,,..,,..,,3.8,
Papua New Guinea,..,,..,,..,,..,,57.3,,..,,..,,..,,..,,60.1,,..,,..,,60.1,,23.1,,..,,..,,29.3,,..,,..,,..,,..,,..,,..,,..,,..,,..,,4.0,,4.4,,4.8,,5.2,,5.8,,5.8,,5.8,,5.8,,5.8,,5.8,,5.8,,5.8,,5.8,,1.1,,1.8,,2.3,,2.9,,3.4,,3.9,,4.0,,4.1,,4.2,,4.2,,4.3,,4.3,b,4.3,,..,,..,,..,,..,,..,,..,,..,,..,,..,,..,,..,,..,,..,
Paraguay,..,,..,,..,,..,,..,,..,,..,,94.6,,..,,..,,..,,..,,94.6,,43.2,,43.0,,45.3,d,..,,72.3,d,72.1,d,..,,70.2,,..,,70.4,,..,,..,,70.4,,8.2,,8.5,,8.5,,10.0,,11.8,,12.0,,11.9,,11.7,,11.9,,12.1,,12.1,,12.1,,12.1,,4.6,,5.3,,5.8,,6.1,,5.9,,6.9,,7.0,,7.2,,7.4,,7.5,,7.7,,7.7,b,7.7,,1.5,,1.5,,..,,..,,5.3,,..,,..,,4.0,,..,,..,,..,,..,,4.0,
Peru,..,,..,,..,,..,,..,,87.9,,88.7,,89.6,,..,,..,,..,,..,,89.6,,52.6,,56.5,,56.6,,56.1,,..,,80.9,d,81.4,d,..,,..,,..,,..,,..,,81.4,,10.9,,11.7,,12.0,,12.3,,13.2,,12.8,,12.9,,12.9,,12.9,,12.9,,12.9,,12.9,,12.9,,5.5,,5.9,,6.6,,7.3,,7.7,,8.2,,8.3,,8.4,,8.5,,8.6,,8.7,,8.7,b,8.7,,2.9,,2.7,,..,,..,,..,,2.7,,2.5,,2.5,,2.7,,..,,..,,..,,2.7,
Philippines,83.3,,..,,93.6,,..,,92.6,,..,,..,,..,,95.4,,..,,..,,..,,95.4,,54.8,,54.2,,55.5,,..,,..,,78.9,,78.0,,..,,80.0,k,..,,..,,..,,80.0,,10.2,,10.3,,10.7,,11.0,,11.4,,11.6,,11.5,,11.7,,11.9,,11.9,,11.9,,11.9,,11.9,,6.1,,6.7,,7.1,,7.5,,8.0,,8.6,,8.6,,8.7,,8.8,,8.8,,8.9,,8.9,"b,h",8.9,,1.7,,1.3,,..,,..,,3.5,,2.5,,2.6,,2.7,,2.8,,..,,..,,..,,2.8,
Poland,..,,..,,..,,..,,..,,..,,..,,..,,..,,99.5,,..,,..,,99.5,,38.2,,44.1,,44.6,,..,,86.3,,87.6,,87.7,,87.9,,88.3,,88.9,,..,,..,,88.9,,11.9,,12.1,,12.3,,13.4,,14.7,,15.2,,15.2,,15.2,,15.2,,15.3,,15.3,,15.3,,15.3,,7.7,,8.3,,8.4,,9.1,,9.5,,9.7,,9.7,,9.8,,9.8,,9.9,,10.0,,10.0,"b,h",10.0,,..,,4.8,,..,,..,,5.0,,5.5,,5.3,,4.9,,..,,..,,..,,..,,4.9,
Portugal,..,,..,,..,,..,,..,,..,,..,,..,,..,,94.9,,..,,..,,94.9,,49.2,,48.3,,45.4,,48.6,,91.1,,89.3,,89.3,,91.5,,93.7,,94.7,,..,,..,,94.7,,10.5,,11.3,,11.7,,15.1,,15.9,,15.3,,15.2,,15.5,,15.8,,15.9,,15.9,,15.9,,15.9,,4.8,,5.6,,6.2,,6.4,,6.8,,7.2,,7.3,,7.4,,7.5,,7.6,,7.7,,7.7,b,7.7,,3.4,,3.5,,..,,..,,5.4,,5.4,,5.2,,..,,..,,..,,..,,..,,5.2,
Qatar,..,,..,,..,,..,,..,,..,,..,,93.1,,94.0,,94.7,,..,,..,,94.7,,42.5,,49.0,,52.0,,46.6,,..,,71.7,d,68.1,d,64.7,,61.0,,57.4,,..,,..,,57.4,,10.5,,12.3,,12.8,,12.6,,12.3,,13.8,,13.6,,13.3,,12.7,,12.0,,12.0,,12.0,,12.0,,4.4,,5.0,,5.4,,5.9,,6.4,,7.0,,7.1,,7.1,,7.2,,7.2,,7.3,,7.3,b,7.3,,2.5,,4.1,,..,,..,,..,,..,,..,,..,,..,,..,,..,,..,,2.1,
Romania,..,,..,,..,,..,,..,,..,,..,,..,,..,,97.7,,..,,..,,97.7,,..,,..,,23.8,,27.4,,68.3,,77.0,,79.2,,81.6,,85.0,,86.2,,..,,..,,86.2,,12.3,,12.3,,12.4,,10.9,,12.0,,13.5,,13.9,,14.2,,14.7,,14.9,,14.9,,14.9,,14.9,,7.9,,8.6,,9.0,,9.5,,9.9,,10.1,,10.2,,10.3,,10.3,,10.4,,10.4,,10.4,b,10.4,,..,,..,,..,,..,,2.9,,3.5,,..,,4.3,,..,,..,,..,,..,,4.3,
Russian Federation,..,,..,,..,,..,,..,,..,,..,,..,,..,,99.6,,..,,..,,99.6,,..,,39.7,,40.0,,36.5,,..,,82.0,,82.1,,83.1,,84.3,,..,,..,,..,,84.3,,12.1,,12.6,,12.5,,11.7,,12.6,,13.7,,13.8,,14.0,,14.1,,14.1,,14.1,,14.1,,14.1,,7.2,,7.8,,8.5,,8.9,,9.6,,9.7,,9.8,,9.8,,9.8,,9.8,,9.8,,9.8,b,9.8,,..,,..,,..,,..,,2.9,,3.8,,3.9,,..,,..,,..,,..,,..,,3.9,
Rwanda,..,,..,,..,,..,,64.9,,..,,..,,..,,..,,70.7,,..,,..,,70.7,,26.2,,27.9,,31.7,,..,,48.4,,56.3,,60.7,,63.7,,64.7,,67.6,,..,,..,,67.6,,4.7,,5.8,,6.0,,6.5,,7.1,,9.3,,10.1,,10.6,,10.6,,11.1,,11.1,,11.1,,11.1,,1.1,,1.5,,1.8,,2.0,,2.3,,2.8,,2.9,,3.0,,3.1,,3.2,,3.3,,3.3,b,3.3,,2.7,,..,,..,,..,,4.1,,3.4,,..,,4.8,,4.1,,..,,..,,..,,4.1,
Saint Kitts and Nevis,..,,..,,..,,..,,..,,..,,..,,..,,..,,..,,..,,..,,..,,..,,..,,..,,..,,..,,..,,..,,..,,75.6,,..,,..,,..,,75.6,,13.0,,13.0,,13.0,,13.0,,13.0,,12.9,,12.9,,12.9,,12.9,,12.9,,12.9,,12.9,,12.9,,..,,..,,..,,..,,..,,..,,..,,..,,..,,..,,8.4,,8.4,b,8.4,,5.1,,5.7,,..,,..,,6.4,,9.6,,..,,..,,..,,..,,..,,..,,9.6,
Saint Lucia,..,,..,,..,,..,,..,,..,,..,,..,,..,,..,,..,,..,,..,,57.5,,60.5,,..,,..,,..,,73.1,d,74.6,d,72.5,,74.9,,75.3,,..,,..,,75.3,,10.3,,11.4,,12.5,,13.3,,12.8,,12.4,,12.8,,12.5,,13.0,,13.1,,13.1,,13.1,,13.1,,..,,..,,..,,..,,..,,..,,..,,..,,..,,..,,8.3,,8.3,b,8.3,,..,,..,,..,,..,,7.3,,5.6,,6.4,,..,,6.3,,4.5,,..,,..,,4.5,
Saint Vincent and the Grenadines,..,,..,,..,,..,,..,,..,,..,,..,,..,,..,,..,,..,,..,,..,,..,,..,,..,,75.9,d,..,,..,,..,,..,,..,,..,,..,,..,,11.7,,11.7,,11.9,,12.3,,12.8,,13.2,,13.2,,13.2,,13.2,,13.2,,13.2,,13.2,,13.2,,..,,..,,..,,..,,..,,..,,..,,..,,..,,..,,8.6,,8.6,b,8.6,,..,,..,,..,,..,,9.3,,7.8,,..,,7.0,,..,,6.6,,..,,..,,6.6,
Samoa,..,,..,,..,,..,,..,,..,,..,,..,,..,,98.8,,..,,..,,98.8,,..,,..,,..,,..,,71.6,d,73.7,d,..,,..,,..,,..,,..,,..,,73.7,,13.0,,12.8,,12.6,,12.4,,12.1,,12.3,,12.3,,12.3,,12.3,,12.3,,12.3,,12.3,,12.3,,..,,..,,..,,..,,10.3,,10.3,,10.3,,10.3,,10.3,,10.3,,10.3,,10.3,"b,i",10.3,,..,,..,,..,,..,,4.0,,..,,..,,..,,5.7,,..,,..,,..,,5.7,
San Marino,..,,..,,..,,..,,..,,..,,..,,..,,..,,..,,..,,..,,..,,..,,..,,..,,..,,..,,..,,..,,..,,..,,..,,..,,..,,..,,..,,..,,..,,..,,..,,..,,..,,..,,..,,..,,..,,..,,..,,..,,..,,..,,..,,..,,..,,..,,..,,..,,..,,..,,..,b,..,,..,,..,,..,,..,,..,,..,,..,,..,,..,,..,,..,,..,,..,
Sao Tome and Principe,..,,..,,..,,..,,..,,..,,..,,..,,..,,88.8,,..,,..,,88.8,,49.1,,41.5,,44.9,,..,,..,,65.9,,65.9,,67.2,,66.7,,70.9,,..,,..,,70.9,,8.1,,8.2,,8.2,,8.8,,9.4,,10.2,,10.1,,10.4,,10.2,,10.9,,10.8,,10.8,,10.8,,..,,..,,..,,..,,4.2,,4.2,,4.2,,4.2,,4.2,,4.2,,4.2,,4.2,"b,l",4.2,,..,,..,,..,,..,,..,,..,,..,,..,,..,,..,,..,,..,,..,
Saudi Arabia,..,,..,,..,,..,,79.4,,..,,..,,..,,..,,86.1,,..,,..,,86.1,,..,,..,,..,,..,,..,,78.6,d,..,,80.6,,80.8,d,81.6,d,..,,..,,81.6,,13.2,,13.2,,13.2,,13.2,,13.2,,13.2,,13.4,,13.5,,13.6,,13.7,,13.7,,13.7,,13.7,,4.2,,4.8,,5.5,,6.0,,6.6,,7.2,,7.3,,7.5,,7.6,,7.7,,7.8,,7.8,b,7.8,,4.3,,7.1,,..,,..,,5.9,,5.7,,6.2,,6.4,,5.6,,..,,..,,..,,5.6,
Senegal,..,,..,,..,,..,,..,,..,,41.9,,..,,..,,49.7,,..,,..,,49.7,,18.5,,22.0,k,..,,..,,..,,41.0,d,41.6,d,44.3,d,45.7,,..,,..,,..,,45.7,,3.5,,4.2,,4.5,,4.9,,5.4,,6.6,,6.7,,7.2,,7.5,,7.5,,7.5,,7.5,,7.5,,2.4,,2.7,,3.0,,3.3,,3.7,,4.0,,4.1,,4.2,,4.3,,4.4,,4.5,,4.5,b,4.5,,..,,..,,..,,..,,3.2,,5.1,,4.8,,..,,5.1,,5.8,,..,,..,,5.8,
Serbia,..,,..,,..,,..,,..,,..,,..,,..,,..,,97.8,,..,,..,,97.8,,..,,..,,..,,..,,..,,..,,..,,77.8,k,78.4,k,79.0,k,..,,..,,79.0,,13.6,,13.6,,13.6,,13.6,,13.6,,13.6,,13.6,,13.6,,13.7,,13.7,,13.7,,13.7,,13.7,,6.7,,7.4,,8.0,,8.7,,9.2,,9.7,,9.8,,9.9,,10.0,,10.1,,10.2,,10.2,"b,h",10.2,,..,,..,,..,,..,,..,,..,,..,,..,,4.7,,..,,..,,..,,4.7,
Seychelles,..,,..,,..,,..,,..,,..,,..,,..,,..,,91.8,,..,,..,,91.8,,..,,..,,..,,41.5,,81.5,,82.1,,..,,83.2,,83.4,d,..,,..,,..,,83.4,,12.5,,12.5,,12.5,,12.5,,13.1,,13.1,,13.2,,13.3,,13.3,,13.3,,13.3,,13.3,,13.3,,..,,..,,..,,..,,9.4,,9.4,,9.4,,9.4,,9.4,,9.4,,9.4,,9.4,"b,i",9.4,,5.6,,10.3,,..,,..,,..,,..,,5.0,,..,,..,,..,,..,,..,,5.0,
Sierra Leone,..,,..,,..,,..,,..,,..,,..,,..,,..,,40.9,,..,,..,,40.9,,..,,28.3,,22.8,,..,,..,,..,,..,,..,,..,,..,,..,,..,,..,,4.8,,5.8,,4.8,,5.6,,6.9,,7.2,,7.2,,7.2,,7.2,,7.2,,7.2,,7.2,,7.2,,1.0,,1.2,,1.6,,1.9,,2.2,,2.6,,2.6,,2.7,,2.8,,2.8,,2.9,,2.9,b,2.9,,3.3,,3.0,,..,,..,,4.9,,3.7,,..,,3.3,,3.1,,4.3,,..,,..,,4.3,
Singapore,82.9,,..,,89.1,,..,,92.5,,..,,..,,..,,..,,94.7,,..,,..,,94.7,,..,,..,,..,,..,,..,,..,,..,,..,,..,,..,,..,,..,,..,,..,,..,,..,,..,,12.7,,13.9,,14.1,,14.2,,14.4,,14.4,,14.4,,14.4,q,14.4,,3.7,,5.1,,5.8,,6.8,,7.6,,8.1,,8.3,,8.4,,8.6,,8.7,,8.8,,8.8,"b,h",8.8,,2.7,,4.4,,..,,..,,..,,..,,..,,..,,2.6,,3.0,,..,,..,,3.0,
Slovakia,..,,..,,..,,..,,..,,..,,..,,..,,..,,..,,..,,..,,..,,..,,..,,..,,27.7,,72.1,,77.8,,78.9,,80.5,,81.2,,81.7,,..,,..,,81.7,,11.9,,11.9,,11.9,,12.1,,13.3,,14.3,,14.5,,14.7,,14.9,,14.9,,14.9,,14.9,,14.9,,10.1,,10.4,,10.6,,11.2,,11.2,,11.6,,11.6,,11.6,,11.6,,11.6,,11.6,,11.6,b,11.6,,..,,..,,..,,..,,3.9,,3.9,,3.8,,3.6,,..,,..,,..,,..,,3.6,
Slovenia,..,,..,,..,,..,,..,,..,,..,,..,,..,,99.7,,..,,..,,99.7,,..,,29.8,,30.6,,30.1,,85.2,,91.3,,92.6,,93.4,,94.0,,94.5,,..,,..,,94.5,,9.8,,11.8,,12.3,,12.7,,14.7,,16.5,,16.6,,16.7,,16.8,,16.9,,16.9,,16.9,,16.9,,7.1,,7.7,,8.2,,8.7,,9.4,,10.1,,10.4,,10.7,,11.0,,11.3,,11.6,,11.6,"b,h",11.6,,..,,..,,..,,..,,..,,5.7,,5.7,,..,,..,,..,,..,,..,,5.7,
Solomon Islands,..,,..,,..,,..,,..,,..,,..,,..,,..,,..,,..,,..,,..,,34.3,,35.5,,37.1,,..,,40.2,,49.6,,53.3,,54.0,d,..,,..,,..,,..,,54.0,,5.2,,5.6,,5.9,,7.1,,6.7,,8.3,,8.9,,9.1,,9.1,,9.1,,9.1,,9.1,,9.1,,..,,..,,..,,..,,4.5,,4.5,,4.5,,4.5,,4.5,,4.5,,4.5,,4.5,"b,l",4.5,,5.2,,..,,..,,..,,..,,..,,..,,..,,..,,..,,..,,..,,..,
Somalia,..,,..,,..,,..,,..,,..,,..,,..,,..,,..,,..,,..,,..,,..,,..,,..,,..,,..,,..,,..,,16.6,d,..,,..,,..,,..,,16.6,,2.4,,2.4,,2.4,,2.4,,2.4,,2.4,,2.4,,2.4,,2.4,,2.4,,2.4,,2.4,,2.4,,..,,..,,..,,..,,..,,..,,..,,..,,..,,..,,..,,..,b,..,,1.0,,0.4,,..,,..,,..,,..,,..,,..,,..,,..,,..,,..,,..,
South Africa,76.2,,..,,..,,..,,..,,..,,..,,88.7,,..,,..,,..,,..,,88.7,,..,,..,,51.6,,..,,..,,..,,..,,..,,..,,..,,..,,..,,..,,11.1,,11.1,,11.4,,13.1,,13.1,,13.1,,13.1,,13.1,,13.1,,13.1,,13.1,,13.1,,13.1,,4.8,,4.8,,6.5,,8.2,,8.2,,8.2,,8.2,,8.3,,8.4,,8.5,,8.5,,8.5,"b,h",8.5,,..,,..,,..,,..,,5.6,,5.3,,5.3,,5.3,,5.1,,5.4,,..,,..,,5.4,
Spain,..,,..,,..,,..,,..,,97.8,,..,,97.9,,97.6,,97.7,,..,,..,,97.7,,39.5,,39.9,,38.9,,40.4,,92.3,,95.5,,96.2,,97.5,,99.1,,100.7,,..,,..,,100.7,,12.6,,13.2,,14.3,,15.7,,15.9,,16.0,,16.0,,16.2,,16.4,,16.6,,16.6,,16.6,,16.6,,5.0,,5.5,,6.0,,7.7,,9.1,,9.7,,9.8,,10.0,,10.1,,10.2,,10.4,,10.4,"b,h",10.4,,2.1,,3.1,,..,,..,,4.3,,4.2,,4.3,,4.3,,..,,..,,..,,..,,4.3,
Sri Lanka,..,,..,,..,,..,,..,,..,,90.8,,..,,90.6,,..,,..,,..,,90.6,,..,,37.1,,..,,..,,..,,..,,..,,..,,..,,..,,..,,..,,..,,10.0,,10.5,,11.4,,12.0,,12.4,,12.7,,12.7,,12.7,,12.7,,12.7,,12.7,,12.7,,12.7,,6.1,,6.5,,6.9,,7.2,,7.6,,7.9,,8.0,,8.0,,8.1,,8.2,,8.2,,8.2,b,8.2,,2.7,,2.6,,..,,..,,..,,..,,..,,..,,..,,..,,..,,..,,..,
Sudan*,..,,..,,..,,..,,61.3,,..,,..,,..,,..,,70.2,,..,,..,,70.2,,19.4,,18.9,,..,,..,,29.1,,34.1,d,38.1,d,38.0,d,..,,..,,..,,..,,38.0,,3.6,,3.7,,4.0,,4.2,,4.4,,4.4,,4.4,,4.4,,4.4,,4.4,,4.4,,4.4,,4.4,,0.9,,1.1,,1.5,,2.0,,2.4,,2.8,,2.9,,2.9,,3.0,,3.1,,3.1,,3.1,b,3.1,,..,,27.8,,..,,..,,..,,..,,..,,..,,..,,..,,..,,..,,..,
Suriname,..,,..,,..,,..,,..,,..,,..,,..,,94.6,,..,,..,,..,,94.6,,..,,47.8,,42.7,,..,,..,,69.9,,70.2,,69.3,,..,,..,,..,,..,,69.3,,10.2,,12.5,,11.4,,11.7,,11.9,,12.6,,12.6,,12.6,,12.6,,12.6,,12.6,,12.6,,12.6,,..,,..,,..,,..,,..,,7.2,,7.2,,7.2,,7.2,,7.2,,7.2,,7.2,"b,f",7.2,,6.6,,9.0,,..,,..,,..,,..,,..,,..,,..,,..,,..,,..,,..,
Swaziland,..,,..,,..,,..,,81.7,,..,,..,,..,,..,,86.9,,..,,..,,86.9,,45.6,,48.7,,47.4,,..,,58.2,,60.0,,62.4,d,63.7,d,..,,..,,..,,..,,63.7,,8.5,,9.2,,9.5,,9.6,,9.2,,9.8,,10.3,,10.6,,10.6,,10.6,,10.6,,10.6,,10.6,,3.6,,4.2,,4.8,,5.4,,6.0,,6.6,,6.7,,6.8,,6.9,,7.0,,7.1,,7.1,b,7.1,,4.4,,..,,..,,..,,5.6,,7.9,,8.3,,..,,7.8,,..,,..,,..,,7.8,
Sweden,..,,..,,..,,..,,..,,..,,..,,..,,..,,..,,..,,..,,..,,45.5,,42.3,,41.3,,49.3,,112.4,,95.1,,93.8,,92.4,,92.2,,92.1,,..,,..,,92.1,,12.8,,12.6,,12.9,,15.9,,18.0,,15.8,,15.7,,15.6,,15.6,,15.7,,15.7,,15.7,,15.7,,9.1,,9.5,,10.0,,10.5,,11.0,,11.7,,11.7,,11.7,,11.7,,11.7,,11.7,,11.7,"b,h",11.7,,8.5,,7.4,,..,,..,,7.2,,6.9,,6.7,,6.6,,..,,..,,..,,..,,6.6,
Switzerland,..,,..,,..,,..,,..,,..,,..,,..,,..,,..,,..,,..,,..,,32.0,,29.7,,33.9,,40.5,,84.1,,85.0,,85.0,,85.3,,85.6,,86.2,,..,,..,,86.2,,12.5,,12.9,,13.5,,14.4,,15.1,,15.2,,15.3,,15.4,,15.5,,15.6,,15.6,,15.6,,15.6,,10.0,,9.7,,9.7,,9.8,,10.3,,10.8,,10.8,,10.8,,10.9,,10.9,,11.0,,11.0,"b,h",11.0,,4.8,,4.8,,..,,..,,5.2,,5.7,,5.5,,5.2,,..,,..,,..,,..,,5.2,
Syrian Arab Republic,..,,..,,..,,..,,..,,..,,..,,..,,..,,84.2,,..,,..,,84.2,,44.1,,47.7,,48.1,,45.0,,56.8,,64.9,d,65.6,d,66.4,d,..,,..,,..,,..,,66.4,,9.3,,10.2,,10.0,,9.2,,9.2,,11.0,,11.1,,11.3,,11.3,,11.3,,11.3,,11.3,,11.3,,2.6,,3.4,,4.1,,4.5,,5.1,,5.7,,5.7,,5.7,,5.7,,5.7,,5.7,,5.7,"b,h",5.7,,4.6,,6.1,,..,,..,,..,,..,,5.3,,4.9,,..,,..,,..,,..,,4.9,
Tajikistan,..,,..,,..,,..,,99.5,,..,,..,,..,,..,,99.7,,..,,..,,99.7,,..,,..,,..,,33.9,,67.7,,70.9,,71.0,,71.1,,71.6,,..,,..,,..,,71.6,,11.9,,11.9,,11.9,,10.3,,9.9,,11.0,,11.1,,11.0,,11.4,,11.4,,11.4,,11.4,,11.4,,7.3,,8.3,,9.0,,9.6,,9.9,,10.0,,10.0,,9.9,,9.9,,9.9,,9.8,,9.8,b,9.8,,..,,8.5,,..,,..,,2.3,,3.5,,3.4,,3.4,,3.5,,..,,..,,..,,3.5,
Tanzania (United Republic of),..,,..,,..,,..,,..,,..,,..,,..,,..,,72.9,,..,,..,,72.9,,..,,36.1,,..,,31.7,,33.4,d,51.3,d,53.6,d,56.6,,..,,..,,..,,..,,56.6,,7.3,,5.9,,5.5,,5.4,,5.4,,8.2,,8.5,,9.1,,9.1,,9.1,,9.1,,9.1,,9.1,,2.5,,3.2,,3.6,,4.1,,4.6,,4.8,,4.8,,4.9,,5.0,,5.0,,5.1,,5.1,b,5.1,,..,,..,,..,,..,,..,,..,,..,,..,,6.8,,..,,..,,..,,6.8,
Thailand,88.0,,..,,..,,..,,92.6,,93.5,,..,,..,,..,,..,,..,,..,,93.5,,41.0,,41.4,,39.4,,38.4,,..,,71.8,d,71.0,d,72.8,d,71.7,d,71.4,d,..,,..,,71.4,,7.9,,8.7,,8.6,,9.6,,11.2,,12.2,,12.1,,12.5,,12.3,,12.3,,12.3,,12.3,,12.3,,3.7,,4.1,,4.6,,5.0,,5.4,,5.9,,6.0,,6.2,,6.3,,6.4,,6.6,,6.6,b,6.6,,2.6,,..,,..,,..,,5.4,,4.2,,4.3,,3.8,,3.8,,4.1,,..,,..,,4.1,
The former Yugoslav Republic of Macedonia,..,,..,,..,,..,,..,,..,,..,,..,,..,,97.1,,..,,..,,97.1,,..,,..,,..,,29.3,,69.6,,69.9,,..,,70.7,,71.7,,71.6,,..,,..,,71.6,,10.9,,10.9,,10.9,,11.1,,11.9,,12.1,,12.2,,12.3,,13.3,,13.3,,13.3,,13.3,,13.3,,..,,..,,..,,..,,..,,8.2,,8.2,,8.2,,8.2,,8.2,,8.2,,8.2,"b,f",8.2,,..,,..,,..,,..,,..,,..,,..,,..,,..,,..,,..,,..,,3.5,
Timor-Leste,..,,..,,..,,..,,..,,..,,..,,50.6,,..,,..,,..,,..,,50.6,,..,,..,,..,,..,,..,,..,,..,,..,,..,,67.8,,..,,..,,67.8,,11.1,,11.1,,11.1,,11.1,,11.1,,11.2,,11.2,,11.2,,11.2,,11.2,,11.2,,11.2,,11.2,,..,,..,,..,,..,,2.8,,2.8,,2.8,,2.8,,2.8,,2.8,,2.8,,2.8,"b,l",2.8,,..,,..,,..,,..,,..,,..,,..,,..,,11.3,,16.8,,..,,..,,16.8,
Togo,..,,..,,..,,..,,53.2,,..,,56.9,,..,,..,,..,,..,,..,,56.9,,44.5,,34.3,d,37.3,,41.7,,54.5,d,57.5,d,59.8,d,56.7,d,..,,..,,..,,..,,56.7,,9.2,,6.6,,7.3,,8.2,,9.0,,9.7,,10.0,,9.6,,9.6,,9.6,,9.6,,9.6,,9.6,,1.7,,2.4,,3.0,,3.7,,4.4,,4.8,,4.9,,5.0,,5.1,,5.2,,5.3,,5.3,b,5.3,,5.4,,4.6,,..,,..,,4.4,,3.4,,3.6,,3.7,,3.8,,4.6,,..,,..,,4.6,
Tonga,..,,..,,..,,..,,..,,..,,99.0,,..,,..,,..,,..,,..,,99.0,,..,,41.6,,..,,..,,78.4,,..,,82.4,d,..,,..,,..,,..,,..,,82.4,,12.8,,13.5,,13.4,,13.3,,13.1,,13.7,,13.7,,13.7,,13.7,,13.7,,13.7,,13.7,,13.7,,7.3,,7.7,,8.5,,9.5,,9.7,,10.0,,10.0,,10.1,,10.2,,10.2,,10.3,,10.3,"b,h",10.3,,..,,8.8,,..,,..,,5.9,,..,,..,,..,,..,,..,,..,,..,,3.9,
Trinidad and Tobago,95.0,,..,,96.9,,..,,..,,..,,..,,..,,..,,98.7,,..,,..,,98.7,,40.6,,41.7,,..,,..,,65.9,d,62.0,d,..,,..,,..,,..,,..,,..,,62.0,,10.6,,11.0,,11.2,,11.1,,11.4,,11.4,,11.9,,12.3,,12.3,,12.3,,12.3,,12.3,,12.3,,7.0,,7.2,,7.4,,7.9,,8.3,,8.8,,8.9,,9.0,,9.1,,9.2,,9.2,,9.2,b,9.2,,3.8,,5.8,,..,,..,,3.8,,..,,..,,..,,..,,..,,..,,..,,4.2,
Tunisia,..,,..,,..,,..,,..,,..,,..,,..,,77.6,,..,,..,,..,,77.6,,39.2,d,43.0,,44.2,,45.8,,74.7,,77.8,d,78.0,d,77.9,,78.3,,77.8,d,..,,..,,77.8,,8.1,,9.6,,10.3,,11.7,,13.2,,14.2,,14.3,,14.3,,14.5,,14.5,,14.5,,14.5,,14.5,,2.0,,2.6,,3.4,,4.1,,4.8,,5.7,,5.8,,6.0,,6.1,,6.3,,6.5,,6.5,b,6.5,,5.2,,5.5,,..,,..,,6.8,,7.2,,7.1,,7.1,,..,,..,,..,,..,,7.1,
Turkey,65.7,,76.0,,79.2,,..,,..,,88.2,,88.1,,88.7,,..,,90.8,,..,,..,,90.8,,..,,37.3,,36.9,,35.9,,64.0,d,70.0,,72.5,,74.3,,74.1,,..,,..,,..,,74.1,,7.0,,7.8,,8.4,,9.2,,10.3,,11.2,,11.6,,11.8,,11.8,,11.8,,11.8,,11.8,,11.8,,2.9,,4.0,,4.5,,4.8,,5.5,,6.1,,6.1,,6.2,,6.3,,6.4,,6.5,,6.5,b,6.5,,..,,1.8,,..,,..,,2.6,,..,,..,,..,,..,,..,,..,,..,,3.1,
Turkmenistan,..,,..,,..,,98.8,,..,,..,,..,,..,,..,,99.6,,..,,..,,99.6,,..,,..,,..,,..,,..,,..,,..,,..,,..,,..,,..,,..,,..,,..,,..,,..,,..,,..,,12.5,,12.5,,12.5,,12.5,,12.5,,12.5,,12.5,g,12.5,,..,,..,,..,,..,,9.9,,9.9,,9.9,,9.9,,9.9,,9.9,,9.9,,9.9,"b,l",9.9,,..,,..,,..,,..,,..,,..,,..,,..,,..,,..,,..,,..,,..,
Tuvalu,..,,..,,..,,..,,..,,..,,..,,..,,..,,..,,..,,..,,..,,..,,..,,..,,..,,..,,..,,..,,..,,..,,..,,..,,..,,..,,10.8,,10.8,,10.8,,10.8,,10.8,,10.8,,10.8,,10.8,,10.8,,10.8,,10.8,,10.8,,10.8,,..,,..,,..,,..,,..,,..,,..,,..,,..,,..,,..,,..,b,..,,..,,..,,..,,..,,..,,..,,..,,..,,..,,..,,..,,..,,..,
Uganda,..,,..,,..,,..,,..,,..,,71.4,,..,,..,,..,,..,,..,,73.2,,24.5,,..,,33.1,,32.6,,66.6,,63.3,d,63.0,d,63.4,d,65.5,,66.8,d,..,,..,,66.8,,3.9,,5.7,,5.6,,7.0,,10.7,,10.0,,9.9,,10.1,,10.4,,10.8,,10.8,,10.8,,10.8,,1.9,,2.3,,2.8,,3.4,,3.9,,4.3,,4.4,,4.5,,4.5,,4.6,,4.7,,4.7,b,4.7,,1.3,,3.4,,..,,..,,2.5,,..,,..,,..,,3.8,,3.2,,..,,..,,3.2,
Ukraine,..,,..,,..,,..,,..,,..,,..,,..,,..,,99.7,,..,,..,,99.7,,..,,50.1,,51.8,,..,,85.4,d,87.7,k,88.8,k,90.0,k,91.0,k,91.6,k,..,,..,,91.6,,11.9,,12.2,,12.5,,12.0,,12.9,,14.2,,14.4,,14.6,,14.7,,14.7,,14.7,,14.7,,14.7,,7.4,,8.2,,9.1,,10.4,,10.7,,11.1,,11.2,,11.2,,11.2,,11.2,,11.3,,11.3,b,11.3,,5.6,,5.2,,..,,..,,4.2,,6.1,,6.2,,5.3,,..,,..,,..,,..,,5.3,
United Arab Emirates,..,,71.2,,..,,..,,..,,90.0,,..,,..,,..,,..,,..,,..,,90.0,,35.1,,43.8,,48.4,,..,,63.3,d,..,,..,,..,,..,,78.1,,..,,..,,78.1,,8.6,,9.6,,11.1,,11.0,,10.7,,12.1,,12.4,,12.7,,13.0,,13.3,,13.3,,13.3,,13.3,,3.1,,3.6,,4.3,,5.6,,6.9,,8.4,,8.6,,8.7,,8.9,,9.1,,9.3,,9.3,b,9.3,,1.3,,1.8,,..,,..,,2.0,,1.3,,1.1,,0.9,,1.0,,1.2,,..,,..,,1.2,
United Kingdom,..,,..,,..,,..,,..,,..,,..,,..,,..,,..,,..,,..,,..,,37.7,,35.4,,41.1,,53.2,,90.0,d,92.8,d,89.1,d,88.2,,89.0,,..,,..,,..,,89.0,,13.0,,13.2,,13.6,,16.4,,16.1,,16.6,,16.1,,15.9,,16.1,,16.1,,16.1,,16.1,,16.1,,7.5,,7.6,,7.9,,8.1,,8.5,,8.9,,8.9,,9.0,,9.1,,9.2,,9.3,,9.3,b,9.3,,5.3,,5.1,,..,,..,,4.5,,5.4,,5.6,,5.5,,..,,..,,..,,..,,5.5,
United States,..,,..,,..,,..,,..,,..,,..,,..,,..,,..,,..,,..,,..,,48.5,,51.5,,58.7,,59.8,,90.5,,92.2,,92.0,,92.4,,92.9,,93.5,,..,,..,,93.5,,14.2,,14.7,,15.4,,15.8,,15.2,,15.7,,15.6,,15.7,,15.9,,16.0,,16.0,,16.0,,16.0,,11.9,,12.1,,12.3,,12.5,,13.0,,12.5,,12.5,,12.4,,12.4,,12.4,,12.4,,12.4,b,12.4,,6.5,,6.3,,..,,..,,..,,5.3,,5.6,,5.5,,..,,..,,..,,..,,5.5,
Uruguay,..,,95.4,,..,,..,,..,,..,,97.8,,97.9,,98.2,,98.3,,..,,..,,98.3,,44.0,,..,,47.2,,..,,..,,..,,90.9,,92.2,,90.4,,..,,..,,..,,90.4,,12.1,,12.2,,12.9,,13.1,,14.1,,15.2,,15.4,,15.7,,15.5,,15.5,,15.5,,15.5,,15.5,,6.3,,6.9,,7.2,,7.4,,8.0,,7.9,,8.0,,8.1,,8.2,,8.3,,8.5,,8.5,"b,h",8.5,,2.2,,2.6,,..,,..,,2.4,,2.7,,2.8,,..,,..,,..,,..,,..,,2.8,
Uzbekistan,..,,..,,..,,..,,98.6,,..,,..,,..,,..,,99.3,,..,,..,,99.3,,..,,..,,30.7,,..,,71.6,,74.0,,73.1,,72.6,,71.0,,70.8,,..,,..,,70.8,,11.7,,11.7,,11.3,,10.7,,10.8,,11.5,,11.5,,11.5,,11.4,,11.4,,11.4,,11.4,,11.4,,..,,..,,..,,..,,..,,10.0,,10.0,,10.0,,10.0,,10.0,,10.0,,10.0,"b,f",10.0,,..,,..,,..,,7.4,,..,,..,,..,,..,,..,,..,,..,,..,,..,
Vanuatu,..,,..,,..,,..,,..,,..,,..,,..,,..,,82.0,,..,,..,,82.0,,..,,..,,..,,..,,60.6,d,..,,..,,..,,..,,..,,..,,..,,..,,9.2,,9.2,,9.2,,9.2,,9.6,,10.4,,10.4,,10.4,,10.4,,10.4,,10.4,,10.4,,10.4,,..,,..,,..,,..,,..,,..,,..,,..,,..,,..,,6.7,,6.7,b,6.7,,..,,..,,..,,..,,6.8,,..,,..,,..,,6.4,,4.8,,..,,..,,4.8,
Venezuela (Bolivarian Republic of),..,,..,,89.8,,..,,..,,..,,..,,95.2,,..,,..,,..,,..,,95.2,,49.9,,50.4,,52.0,,..,,67.3,k,..,,..,,..,,88.7,,..,,..,,..,,88.7,,10.0,,10.5,,10.5,,10.7,,10.5,,12.5,,13.1,,13.6,,14.2,,14.2,,14.2,,14.2,,14.2,,4.9,,5.1,,4.8,,5.3,,5.9,,6.5,,6.7,,6.9,,7.2,,7.4,,7.6,,7.6,"b,h",7.6,,4.6,,5.3,,..,,..,,..,,..,,3.7,,3.7,,..,,..,,..,,..,,3.7,
Viet Nam,..,,..,,..,,..,,90.2,,..,,..,,..,,..,,92.8,,..,,..,,92.8,,37.3,,..,,34.9,,37.3,,63.8,,..,,..,,..,,..,,..,,..,,..,,..,,8.6,,8.2,,7.8,,9.2,,10.3,,10.4,,10.4,,10.4,,10.4,,10.4,,10.4,,10.4,,10.4,,4.3,,4.4,,4.0,,4.2,,4.5,,4.9,,5.1,,5.2,,5.3,,5.4,,5.5,,5.5,b,5.5,,..,,..,,..,,..,,..,,..,,..,,..,,5.3,,..,,..,,..,,5.3,
Yemen,..,,..,,..,,..,,..,,..,,..,,..,,..,,62.4,,..,,..,,62.4,,..,,..,,..,,..,,49.5,d,54.4,,..,,..,,..,,..,,..,,..,,54.4,,7.5,,7.5,,7.5,,7.5,,7.9,,8.6,,8.6,,8.6,,8.6,,8.6,,8.6,,8.6,,8.6,,0.0,,0.1,,0.3,,0.6,,1.1,,1.8,,1.9,,2.1,,2.2,,2.4,,2.5,,2.5,b,2.5,,..,,..,,..,,..,,9.9,,..,,..,,..,,5.2,,..,,..,,..,,5.2,
Zambia,..,,..,,65.0,,..,,..,,..,,..,,..,,..,,70.9,,..,,..,,70.9,,..,,..,,47.0,,..,,..,,..,,..,,..,,..,,..,,..,,..,,..,,7.6,,8.3,,7.9,,7.9,,7.9,,7.9,,7.9,,7.9,,7.9,,7.9,,7.9,,7.9,,7.9,,3.3,,4.0,,4.7,,6.1,,5.9,,6.3,,6.3,,6.4,,6.4,,6.5,,6.5,,6.5,b,6.5,,4.1,,4.1,,..,,..,,2.0,,2.0,,..,,1.5,,1.3,,..,,..,,..,,1.3,
Zimbabwe,..,,..,,..,,..,,..,,..,,..,,..,,..,,91.9,,..,,..,,91.9,,41.0,,60.5,,48.6,,47.9,,..,,..,,..,,..,,..,,..,,..,,..,,..,,6.5,,11.5,,10.1,,9.9,,9.9,,9.9,,9.9,,9.9,,9.9,,9.9,,9.9,,9.9,,9.9,,3.2,,4.0,,4.5,,5.5,,5.9,,6.7,,6.8,,6.9,,7.0,,7.1,,7.2,,7.2,b,7.2,,3.7,,6.3,,..,,..,,4.6,,..,,..,,..,,..,,..,,..,,..,,5.2,
,,,,,,,,,,,,,,,,,,,,,,,,,,,,,,,,,,,,,,,,,,,,,,,,,,,,,,,,,,,,,,,,,,,,,,,,,,,,,,,,,,,,,,,,,,,,,,,,,,,,,,,,,,,,,,,,,,,,,,,,,,,,,,,,,,
Very high human development,94.7,,75.0,,89.1,,87.9,,96.2,,97.1,,..,,97.8,,97.8,,98.2,,..,,..,,98.1,,43.8,,44.2,,46.6,,49.2,,89.2,,91.8,,91.8,,92.3,,92.7,,93.6,,..,,..,,..,,13.2,,13.5,,14.1,,15.0,,15.3,,15.7,,15.7,,15.8,,15.9,,15.9,,15.9,,15.9,,..,,8.5,,9.0,,9.5,,10.1,,10.7,,11.0,,11.1,,11.1,,11.2,,11.2,,11.3,,11.3,b,..,,..,,..,,..,,..,,4.6,,5.0,,5.1,,5.0,,3.4,,..,,..,,..,,11.9,
High human development,75.0,,77.2,,85.2,,78.4,,87.7,,88.6,,89.0,,91.0,,90.0,,95.5,,..,,..,,93.2,,44.5,,41.6,,42.5,,40.3,,77.1,,79.4,,78.5,,80.7,,80.2,,81.0,,..,,..,,..,,11.3,,11.6,,11.7,,11.8,,12.6,,13.2,,13.3,,13.4,,13.6,,13.6,,13.6,,13.6,,..,,5.4,,6.0,,6.5,,7.0,,7.6,,8.2,,8.2,,8.2,,8.3,,8.4,,8.5,,8.5,b,..,,..,,..,,..,,..,,4.1,,4.6,,4.6,,4.8,,4.4,,..,,..,,..,,6.5,
Medium human development,74.6,,92.2,,78.8,,79.3,,90.6,,82.4,,68.3,,88.8,,89.3,,92.6,,..,,..,,81.9,,38.1,,37.6,,36.4,,37.3,,54.2,,64.0,,65.0,,66.0,,70.1,,70.5,,..,,..,,..,,7.9,,8.3,,8.7,,9.1,,9.6,,10.6,,10.7,,11.0,,11.1,,11.2,,11.2,,11.2,,..,,3.1,,3.7,,4.2,,4.8,,5.5,,5.9,,6.0,,6.1,,6.2,,6.2,,6.3,,6.3,b,..,,..,,..,,8.5,,6.6,,4.6,,3.6,,3.7,,3.9,,3.8,,..,,..,,..,,4.6,
Low human development,27.6,,..,,53.4,,..,,70.1,,42.3,,53.9,,52.5,,55.5,,64.8,,..,,..,,59.8,,28.8,,30.6,,27.2,,29.8,,42.4,,47.7,,48.6,,49.5,,49.2,,51.3,,..,,..,,..,,5.3,,5.7,,5.6,,5.9,,6.5,,7.7,,7.8,,8.1,,8.2,,8.3,,8.3,,8.3,,..,,1.6,,2.0,,2.4,,2.9,,3.2,,3.8,,3.9,,4.0,,4.0,,4.1,,4.2,,4.2,b,..,,..,,..,,3.2,,0.8,,3.0,,3.3,,3.3,,3.1,,3.4,,..,,..,,..,,5.0,
Arab States (RB),67.5,,73.0,,..,,78.4,,70.0,,74.3,,69.6,,92.3,,66.9,,73.4,,..,,..,,72.9,,34.2,,35.1,,37.2,,39.6,,49.5,,60.3,,56.2,,57.9,,79.2,,77.9,,..,,..,,..,,7.7,,8.4,,8.6,,9.1,,9.7,,10.2,,10.2,,10.2,,10.3,,10.3,,10.2,,10.2,,..,,1.9,,2.5,,3.2,,3.8,,4.5,,5.2,,5.4,,5.5,,5.7,,5.8,,5.9,,5.9,b,..,,..,,..,,8.5,,..,,5.0,,4.5,,4.5,,4.4,,4.9,,..,,..,,..,,5.0,
East Asia and the Pacific (RB),74.1,,..,,78.8,,60.3,,90.8,,92.2,,92.0,,50.6,,93.0,,93.7,,..,,..,,93.5,,43.5,,41.0,,38.1,,39.8,,62.7,,71.9,,68.0,,68.2,,69.9,,70.3,,..,,..,,..,,8.4,,8.5,,9.0,,9.4,,10.1,,10.9,,11.0,,11.3,,11.5,,11.7,,11.7,,11.7,,..,,3.7,,4.3,,4.7,,5.5,,6.3,,6.7,,6.8,,6.9,,7.0,,7.1,,7.2,,7.2,b,..,,..,,..,,..,,..,,5.0,,4.0,,3.8,,3.7,,3.4,,..,,..,,..,,4.4,
Europe and Central Asia (RB),73.6,,76.1,,79.2,,97.6,,98.4,,88.3,,88.1,,89.9,,95.9,,98.1,,..,,..,,98.0,,36.7,,40.6,,38.2,,34.6,,74.5,,79.6,,80.3,,80.9,,81.1,,82.6,,..,,..,,..,,11.3,,11.6,,11.6,,11.4,,12.2,,13.1,,13.3,,13.4,,13.5,,13.5,,13.5,,13.4,,..,,7.1,,7.7,,8.3,,8.9,,9.3,,9.7,,9.7,,9.7,,9.7,,9.7,,9.7,,9.7,b,..,,..,,..,,8.5,,7.4,,3.5,,4.3,,4.4,,4.5,,4.2,,..,,..,,..,,6.4,
Latin America and the Caribbean (RB),80.0,,95.4,,88.1,,..,,88.0,,91.0,,89.5,,90.9,,91.6,,93.3,,..,,..,,91.0,,45.5,,47.6,,45.2,,45.6,,80.2,,82.5,,81.0,,83.1,,84.3,,83.6,,..,,..,,..,,11.5,,11.9,,12.0,,12.1,,12.8,,13.2,,13.3,,13.4,,13.5,,13.6,,13.6,,13.6,,..,,4.1,,4.7,,5.3,,6.0,,6.6,,7.3,,7.4,,7.5,,7.6,,7.7,,7.8,,7.8,b,..,,..,,..,,..,,3.6,,4.3,,4.5,,4.5,,4.6,,3.7,,..,,..,,..,,7.7,
South Asia (RB),..,,92.2,,96.0,,96.3,,96.3,,61.1,,63.4,,..,,67.8,,56.4,,..,,..,,62.8,,28.4,,30.6,,31.9,,33.9,,53.6,,57.2,,57.7,,59.1,,49.0,,50.8,,..,,..,,..,,6.3,,6.9,,7.3,,7.9,,8.1,,9.4,,9.5,,9.8,,9.8,,9.8,,9.8,,9.8,,..,,1.9,,2.4,,3.0,,3.3,,3.7,,4.2,,4.3,,4.4,,4.4,,4.5,,4.6,,4.6,b,..,,..,,..,,..,,..,,4.0,,3.3,,3.3,,4.3,,2.8,,..,,..,,..,,4.0,
Sub-Saharan Africa (RB),62.0,,..,,56.0,,..,,63.5,,28.8,,53.9,,75.7,,..,,65.1,,..,,..,,61.6,,31.8,,33.5,,29.9,,27.9,,43.1,,51.1,,52.4,,53.3,,53.2,,56.6,,..,,..,,..,,6.2,,6.7,,6.2,,6.6,,7.1,,8.3,,8.5,,8.8,,9.0,,9.2,,9.2,,9.2,,..,,2.3,,2.7,,3.4,,4.2,,4.1,,4.4,,4.4,,4.4,,4.5,,4.5,,4.5,,4.5,b,..,,..,,..,,0.9,,0.8,,4.7,,4.9,,4.9,,5.0,,4.8,,..,,..,,..,,6.4,
SIDS,85.6,,92.2,,86.5,,96.3,,61.6,,..,,50.9,,85.2,,94.6,,86.3,,..,,..,,78.9,,36.3,,39.0,,36.6,,36.1,,69.4,,77.3,,84.4,,90.6,,95.7,,94.7,,..,,..,,..,,9.3,,9.5,,9.7,,9.6,,10.0,,10.5,,10.7,,10.9,,11.0,,10.9,,10.9,,10.8,,..,,4.5,,5.3,,5.9,,6.4,,6.8,,7.1,,7.0,,7.1,,7.2,,7.2,,7.3,,7.3,b,..,,..,,..,,..,,..,,3.4,,5.0,,5.1,,3.3,,3.5,,..,,..,,..,,5.6,
Least developed countries,27.6,,..,,53.4,,60.3,,70.8,,31.6,,53.1,,30.1,,77.6,,64.2,,..,,..,,59.2,,24.1,,26.0,,26.5,,29.8,,39.7,,47.5,,49.5,,50.5,,53.0,,54.4,,..,,..,,..,,4.8,,4.9,,5.0,,5.5,,6.2,,7.6,,7.8,,8.1,,8.2,,8.3,,8.3,,8.3,,..,,1.6,,2.0,,2.4,,2.8,,3.1,,3.3,,3.4,,3.5,,3.5,,3.6,,3.7,,3.7,b,..,,..,,..,,8.5,,..,,3.4,,3.4,,3.3,,3.1,,3.6,,..,,..,,..,,5.4,
World,75.5,,77.2,,79.3,,79.5,,88.5,,74.5,,71.9,,89.7,,85.8,,88.1,,..,,..,,80.9,,38.7,,38.1,,37.7,,38.7,,63.4,,66.8,,66.5,,68.0,,72.5,,72.1,,..,,..,,..,,8.9,,9.1,,9.3,,9.7,,10.1,,10.9,,11.0,,11.2,,11.3,,11.4,,11.4,,11.3,,..,,4.9,,5.3,,5.8,,6.3,,6.8,,7.2,,7.1,,7.2,,7.3,,7.3,,7.4,,7.4,b,..,,..,,..,,4.7,,3.0,,4.5,,4.9,,4.9,,4.9,,3.9,,..,,..,,..,,10.2,
,,,,,,,,,,,,,,,,,,,,,,,,,,,,,,,,,,,,,,,,,,,,,,,,,,,,,,,,,,,,,,,,,,,,,,,,,,,,,,,,,,,,,,,,,,,,,,,,,,,,,,,,,,,,,,,,,,,,,,,,,,,,,,,,,,
Footnotes,,,,,,,,,,,,,,,,,,,,,,,,,,,,,,,,,,,,,,,,,,,,,,,,,,,,,,,,,,,,,,,,,,,,,,,,,,,,,,,,,,,,,,,,,,,,,,,,,,,,,,,,,,,,,,,,,,,,,,,,,,,,,,,,,,
a. Data refer to the most recent year available during the period specified.,,,,,,,,,,,,,,,,,,,,,,,,,,,,,,,,,,,,,,,,,,,,,,,,,,,,,,,,,,,,,,,,,,,,,,,,,,,,,,,,,,,,,,,,,,,,,,,,,,,,,,,,,,,,,,,,,,,,,,,,,,,,,,,,,,
b. Data refer to 2011 or the most recent year available.,,,,,,,,,,,,,,,,,,,,,,,,,,,,,,,,,,,,,,,,,,,,,,,,,,,,,,,,,,,,,,,,,,,,,,,,,,,,,,,,,,,,,,,,,,,,,,,,,,,,,,,,,,,,,,,,,,,,,,,,,,,,,,,,,,
c. Estimates are based on linear interpolation.,,,,,,,,,,,,,,,,,,,,,,,,,,,,,,,,,,,,,,,,,,,,,,,,,,,,,,,,,,,,,,,,,,,,,,,,,,,,,,,,,,,,,,,,,,,,,,,,,,,,,,,,,,,,,,,,,,,,,,,,,,,,,,,,,,
d. UNESCO Institute for Statistics estimate.,,,,,,,,,,,,,,,,,,,,,,,,,,,,,,,,,,,,,,,,,,,,,,,,,,,,,,,,,,,,,,,,,,,,,,,,,,,,,,,,,,,,,,,,,,,,,,,,,,,,,,,,,,,,,,,,,,,,,,,,,,,,,,,,,,
e. Assumes the same adult mean years of schooling as Spain before the most recent update.,,,,,,,,,,,,,,,,,,,,,,,,,,,,,,,,,,,,,,,,,,,,,,,,,,,,,,,,,,,,,,,,,,,,,,,,,,,,,,,,,,,,,,,,,,,,,,,,,,,,,,,,,,,,,,,,,,,,,,,,,,,,,,,,,,
f. Based on data from UNICEF (20002010).,,,,,,,,,,,,,,,,,,,,,,,,,,,,,,,,,,,,,,,,,,,,,,,,,,,,,,,,,,,,,,,,,,,,,,,,,,,,,,,,,,,,,,,,,,,,,,,,,,,,,,,,,,,,,,,,,,,,,,,,,,,,,,,,,,
g. Based on cross-country regression.,,,,,,,,,,,,,,,,,,,,,,,,,,,,,,,,,,,,,,,,,,,,,,,,,,,,,,,,,,,,,,,,,,,,,,,,,,,,,,,,,,,,,,,,,,,,,,,,,,,,,,,,,,,,,,,,,,,,,,,,,,,,,,,,,,
h. Updated by HDRO based on UNESCO (2011) data.,,,,,,,,,,,,,,,,,,,,,,,,,,,,,,,,,,,,,,,,,,,,,,,,,,,,,,,,,,,,,,,,,,,,,,,,,,,,,,,,,,,,,,,,,,,,,,,,,,,,,,,,,,,,,,,,,,,,,,,,,,,,,,,,,,
i. Based on UNESCO (2011) estimates of education attainment distribution,,,,,,,,,,,,,,,,,,,,,,,,,,,,,,,,,,,,,,,,,,,,,,,,,,,,,,,,,,,,,,,,,,,,,,,,,,,,,,,,,,,,,,,,,,,,,,,,,,,,,,,,,,,,,,,,,,,,,,,,,,,,,,,,,,
j. UNDP (2007d) National Human Development Report 2007: Social Inclusion in Bosnia and Herzegovina.,,,,,,,,,,,,,,,,,,,,,,,,,,,,,,,,,,,,,,,,,,,,,,,,,,,,,,,,,,,,,,,,,,,,,,,,,,,,,,,,,,,,,,,,,,,,,,,,,,,,,,,,,,,,,,,,,,,,,,,,,,,,,,,,,,
k. National estimate from UNESCO Institute for Statistics.,,,,,,,,,,,,,,,,,,,,,,,,,,,,,,,,,,,,,,,,,,,,,,,,,,,,,,,,,,,,,,,,,,,,,,,,,,,,,,,,,,,,,,,,,,,,,,,,,,,,,,,,,,,,,,,,,,,,,,,,,,,,,,,,,,
l. Based on data on years of schooling of adults from household surveys in the World Bank (2010).,,,,,,,,,,,,,,,,,,,,,,,,,,,,,,,,,,,,,,,,,,,,,,,,,,,,,,,,,,,,,,,,,,,,,,,,,,,,,,,,,,,,,,,,,,,,,,,,,,,,,,,,,,,,,,,,,,,,,,,,,,,,,,,,,,
m. Based on data from ICF Macro (2011).,,,,,,,,,,,,,,,,,,,,,,,,,,,,,,,,,,,,,,,,,,,,,,,,,,,,,,,,,,,,,,,,,,,,,,,,,,,,,,,,,,,,,,,,,,,,,,,,,,,,,,,,,,,,,,,,,,,,,,,,,,,,,,,,,,
"n. Refers to primary and secondary education only. United Nations Educational, Scientific and Cultural Organization Institute for Statistics estimation.",,,,,,,,,,,,,,,,,,,,,,,,,,,,,,,,,,,,,,,,,,,,,,,,,,,,,,,,,,,,,,,,,,,,,,,,,,,,,,,,,,,,,,,,,,,,,,,,,,,,,,,,,,,,,,,,,,,,,,,,,,,,,,,,,,
o. Assumes the same adult mean years of schooling as Switzerland before the most recent update.,,,,,,,,,,,,,,,,,,,,,,,,,,,,,,,,,,,,,,,,,,,,,,,,,,,,,,,,,,,,,,,,,,,,,,,,,,,,,,,,,,,,,,,,,,,,,,,,,,,,,,,,,,,,,,,,,,,,,,,,,,,,,,,,,,
p. Data are earlier than the period specified,,,,,,,,,,,,,,,,,,,,,,,,,,,,,,,,,,,,,,,,,,,,,,,,,,,,,,,,,,,,,,,,,,,,,,,,,,,,,,,,,,,,,,,,,,,,,,,,,,,,,,,,,,,,,,,,,,,,,,,,,,,,,,,,,,
q. Calculated by the Singapore Ministry of Education.,,,,,,,,,,,,,,,,,,,,,,,,,,,,,,,,,,,,,,,,,,,,,,,,,,,,,,,,,,,,,,,,,,,,,,,,,,,,,,,,,,,,,,,,,,,,,,,,,,,,,,,,,,,,,,,,,,,,,,,,,,,,,,,,,,
,,,,,,,,,,,,,,,,,,,,,,,,,,,,,,,,,,,,,,,,,,,,,,,,,,,,,,,,,,,,,,,,,,,,,,,,,,,,,,,,,,,,,,,,,,,,,,,,,,,,,,,,,,,,,,,,,,,,,,,,,,,,,,,,,,
Sources,,,,,,,,,,,,,,,,,,,,,,,,,,,,,,,,,,,,,,,,,,,,,,,,,,,,,,,,,,,,,,,,,,,,,,,,,,,,,,,,,,,,,,,,,,,,,,,,,,,,,,,,,,,,,,,,,,,,,,,,,,,,,,,,,,
Columns 1-13: UNESCO Institute for Statistics (2011).,,,,,,,,,,,,,,,,,,,,,,,,,,,,,,,,,,,,,,,,,,,,,,,,,,,,,,,,,,,,,,,,,,,,,,,,,,,,,,,,,,,,,,,,,,,,,,,,,,,,,,,,,,,,,,,,,,,,,,,,,,,,,,,,,,
Columns 14-26: UNESCO Institute for Statistics (2010a). Correspondence on education indicators. February 2010.  Montreal.,,,,,,,,,,,,,,,,,,,,,,,,,,,,,,,,,,,,,,,,,,,,,,,,,,,,,,,,,,,,,,,,,,,,,,,,,,,,,,,,,,,,,,,,,,,,,,,,,,,,,,,,,,,,,,,,,,,,,,,,,,,,,,,,,,
Columns 27-39: UNESCO (2011).,,,,,,,,,,,,,,,,,,,,,,,,,,,,,,,,,,,,,,,,,,,,,,,,,,,,,,,,,,,,,,,,,,,,,,,,,,,,,,,,,,,,,,,,,,,,,,,,,,,,,,,,,,,,,,,,,,,,,,,,,,,,,,,,,,
Columns 40-52: HDRO updates of Barro and Lee (2010) estimates based on UNESCO Institute for Statistics data on education attainment (2011) and Barro and Lee (2010) methodology.,,,,,,,,,,,,,,,,,,,,,,,,,,,,,,,,,,,,,,,,,,,,,,,,,,,,,,,,,,,,,,,,,,,,,,,,,,,,,,,,,,,,,,,,,,,,,,,,,,,,,,,,,,,,,,,,,,,,,,,,,,,,,,,,,,
"Columns 53-65: World Bank (2011). ""World Development Indicators 2011."" Washington, D.C.: World Bank. http://data.worldbank.org. Accessed May 15, 2011.",,,,,,,,,,,,,,,,,,,,,,,,,,,,,,,,,,,,,,,,,,,,,,,,,,,,,,,,,,,,,,,,,,,,,,,,,,,,,,,,,,,,,,,,,,,,,,,,,,,,,,,,,,,,,,,,,,,,,,,,,,,,,,,,,,
