,IHDI: Income Gini coefficient,,,,,,,,,,,,,,,,,,,,,,,,,,IHDI: Inequality-adjusted HDI value,,,,,,,,,,,,,,,,,,,,,,,,,,IHDI: Inequality-adjusted education index,,,,,,,,,,,,,,,,,,,,,,,,,,IHDI: Inequality-adjusted income index,,,,,,,,,,,,,,,,,,,,,,,,,,IHDI: Inequality-adjusted life expectancy index,,,,,,,,,,,,,,,,,,,,,,,,,,IHDI: Loss due to inequality in education,,,,,,,,,,,,,,,,,,,,,,,,,,IHDI: Loss due to inequality in income,,,,,,,,,,,,,,,,,,,,,,,,,,IHDI: Loss due to inequality in life expectancy,,,,,,,,,,,,,,,,,,,,,,,,,
,1980,,1985,,1990,,1995,,2000,,2005,,2006,,2007,,2008,,2009,,2010,,2011,,9999,a,1980,,1985,,1990,,1995,,2000,,2005,,2006,,2007,,2008,,2009,,2010,,2011,,9999,,1980,,1985,,1990,,1995,,2000,,2005,,2006,,2007,,2008,,2009,,2010,b,2011,,9999,,1980,,1985,,1990,,1995,,2000,,2005,,2006,,2007,,2008,,2009,,2010,c,2011,,9999,,1980,,1985,,1990,,1995,,2000,,2005,,2006,,2007,,2008,,2009,,2010,d,2011,,9999,,1980,,1985,,1990,,1995,,2000,,2005,,2006,,2007,,2008,,2009,,2010,b,2011,,9999,,1980,,1985,,1990,,1995,,2000,,2005,,2006,,2007,,2008,,2009,,2010,c,2011,,9999,,1980,,1985,,1990,,1995,,2000,,2005,,2006,,2007,,2008,,2009,,2010,,2011,,9999,
Country,,,,,,,,,,,,,,,,,,,,,,,,,,,,,,,,,,,,,,,,,,,,,,,,,,,,,,,,,,,,,,,,,,,,,,,,,,,,,,,,,,,,,,,,,,,,,,,,,,,,,,,,,,,,,,,,,,,,,,,,,,,,,,,,,,,(%),,(%),,(%),,(%),,(%),,(%),,(%),,(%),,(%),,(%),,(%),,(%),,(%),,(%),,(%),,(%),,(%),,(%),,(%),,(%),,(%),,(%),,(%),,(%),,(%),,(%),,(%),,(%),,(%),,(%),,(%),,(%),,(%),,(%),,(%),,(%),,(%),,(%),,(%),
Afghanistan,..,,..,,..,,..,,..,,..,,..,,..,,..,,..,,..,,..,,..,,..,,..,,..,,..,,..,,..,,..,,..,,..,,..,,..,,..,,..,,..,,..,,..,,..,,..,,..,,..,,..,,..,,..,,..,,0.223,,..,,..,,..,,..,,..,,..,,..,,..,,..,,..,,..,,..,,..,,..,,..,,..,,..,,..,,..,,..,,..,,..,,..,,..,,..,,0.222,,..,,..,,..,,..,,..,,..,,..,,..,,..,,..,,..,,39.3,,39.3,,39.3,,..,,..,,..,,..,,..,,..,,..,,..,,..,,..,,..,,..,,..,,..,,..,,..,,..,,..,,..,,..,,..,,..,,..,,58.8,,50.9,,58.8,
Albania,..,,..,,..,,..,,..,,..,,..,,..,,34.5,,..,,..,,..,,34.5,,..,,..,,..,,..,,..,,..,,..,,..,,..,,..,,..,,0.637,,..,,..,,..,,..,,..,,..,,..,,..,,..,,..,,..,,..,,0.635,,..,,..,,..,,..,,..,,..,,..,,..,,..,,..,,..,,..,,0.510,,..,,..,,..,,..,,..,,..,,..,,..,,..,,..,,..,,..,,0.797,,..,,..,,..,,..,,..,,..,,..,,..,,..,,..,,..,,12.7,,11.9,,12.7,,..,,..,,..,,..,,..,,..,,..,,..,,..,,..,,14.4,e,18.3,,14.4,,..,,..,,..,,..,,..,,..,,..,,..,,..,,..,,10.9,,11.2,,10.9,
Algeria,..,,..,,..,,35.3,,..,,..,,..,,..,,..,,..,,..,,..,,..,,..,,..,,..,,..,,..,,..,,..,,..,,..,,..,,..,,..,,..,,..,,..,,..,,..,,..,,..,,..,,..,,..,,..,,..,,..,,..,,..,,..,,..,,..,,..,,..,,..,,..,,..,,..,,..,,..,,..,,..,,..,,..,,..,,..,,..,,..,,..,,..,,..,,..,,0.716,,..,,..,,..,,..,,..,,..,,..,,..,,..,,..,,..,,..,,..,,..,,..,,..,,..,,..,,..,,..,,..,,..,,..,,..,,..,,..,,..,,..,,..,,..,,..,,..,,..,,..,,..,,..,,..,,17.9,,14.5,,17.9,
Andorra,..,,..,,..,,..,,..,,..,,..,,..,,..,,..,,..,,..,,..,,..,,..,,..,,..,,..,,..,,..,,..,,..,,..,,..,,..,,..,,..,,..,,..,,..,,..,,..,,..,,..,,..,,..,,..,,..,,..,,..,,..,,..,,..,,..,,..,,..,,..,,..,,..,,..,,..,,..,,..,,..,,..,,..,,..,,..,,..,,..,,..,,..,,..,,..,,..,,..,,..,,..,,..,,..,,..,,..,,..,,..,,..,,..,,..,,..,,..,,..,,..,,..,,..,,..,,..,,..,,..,,..,,..,,..,,..,,..,,..,,..,,..,,..,,..,,..,,..,,..,,..,,..,,..,,..,
Angola,..,,..,,..,,..,,58.6,,..,,..,,..,,..,,..,,..,,..,,58.6,,..,,..,,..,,..,,..,,..,,..,,..,,..,,..,,..,,..,,..,,..,,..,,..,,..,,..,,..,,..,,..,,..,,..,,..,,..,,..,,..,,..,,..,,..,,..,,..,,..,,..,,..,,..,,..,,0.278,,..,,..,,..,,..,,..,,..,,..,,..,,..,,..,,..,,..,,0.264,,..,,..,,..,,..,,..,,..,,..,,..,,..,,..,,..,,26.2,,..,,26.2,,..,,..,,..,,..,,..,,..,,..,,..,,..,,..,,36.4,e,50.0,,36.4,,..,,..,,..,,..,,..,,..,,..,,..,,..,,..,,53.7,,46.1,,53.7,
Antigua and Barbuda,..,,..,,..,,..,,..,,..,,..,,..,,..,,..,,..,,..,,..,,..,,..,,..,,..,,..,,..,,..,,..,,..,,..,,..,,..,,..,,..,,..,,..,,..,,..,,..,,..,,..,,..,,..,,..,,..,,..,,..,,..,,..,,..,,..,,..,,..,,..,,..,,..,,..,,..,,..,,..,,..,,..,,..,,..,,..,,..,,..,,..,,..,,..,,..,,..,,..,,..,,..,,..,,..,,..,,..,,..,,..,,..,,..,,..,,..,,..,,..,,..,,..,,..,,..,,..,,..,,..,,..,,..,,..,,..,,..,,..,,..,,..,,..,,..,,..,,..,,..,,..,,..,,..,,..,
Argentina,..,,..,,..,,..,,..,,..,,..,,..,,..,,45.8,,..,,..,,45.8,,..,,..,,..,,..,,..,,..,,..,,..,,..,,..,,..,,0.641,,..,,..,,..,,..,,..,,..,,..,,..,,..,,..,,..,,..,,0.708,,..,,..,,..,,..,,..,,..,,..,,..,,..,,..,,..,,..,,0.468,,..,,..,,..,,..,,..,,..,,..,,..,,..,,..,,..,,..,,0.796,,..,,..,,..,,..,,..,,..,,..,,..,,..,,..,,..,,12.1,,12.1,,12.1,,..,,..,,..,,..,,..,,..,,..,,..,,..,,..,,34.4,f,34.4,,51.7,,..,,..,,..,,..,,..,,..,,..,,..,,..,,..,,10.4,,9.7,,10.4,
Armenia,..,,..,,..,,..,,..,,..,,..,,..,,30.9,,..,,..,,..,,30.9,,..,,..,,..,,..,,..,,..,,..,,..,,..,,..,,..,,0.639,,..,,..,,..,,..,,..,,..,,..,,..,,..,,..,,..,,..,,0.710,,..,,..,,..,,..,,..,,..,,..,,..,,..,,..,,..,,..,,0.504,,..,,..,,..,,..,,..,,..,,..,,..,,..,,..,,..,,..,,0.728,,..,,..,,..,,..,,..,,..,,..,,..,,..,,..,,..,,6.5,,6.5,,6.5,,..,,..,,..,,..,,..,,..,,..,,..,,..,,..,,10.8,e,10.8,,10.8,,..,,..,,..,,..,,..,,..,,..,,..,,..,,..,,15.3,,14.9,,15.3,
Australia,..,,..,,..,,..,,..,,..,,..,,..,,..,,..,,..,,..,,..,,..,,..,,..,,..,,..,,..,,..,,..,,..,,..,,..,,0.856,,..,,..,,..,,..,,..,,..,,..,,..,,..,,..,,..,,..,,0.964,,..,,..,,..,,..,,..,,..,,..,,..,,..,,..,,..,,..,,0.698,,..,,..,,..,,..,,..,,..,,..,,..,,..,,..,,..,,..,,0.931,,..,,..,,..,,..,,..,,..,,..,,..,,..,,..,,..,,1.7,,1.7,,1.7,,..,,..,,..,,..,,..,,..,,..,,..,,..,,..,,16.6,f,16.6,,16.6,,..,,..,,..,,..,,..,,..,,..,,..,,..,,..,,4.7,,4.7,,4.7,
Austria,..,,..,,..,,..,,29.1,,..,,..,,..,,..,,..,,..,,..,,29.1,,..,,..,,..,,..,,..,,..,,..,,..,,..,,..,,..,,0.820,,..,,..,,..,,..,,..,,..,,..,,..,,..,,..,,..,,..,,0.838,,..,,..,,..,,..,,..,,..,,..,,..,,..,,..,,..,,..,,0.715,,..,,..,,..,,..,,..,,..,,..,,..,,..,,..,,..,,..,,0.920,,..,,..,,..,,..,,..,,..,,..,,..,,..,,..,,..,,2.4,,2.4,,2.4,,..,,..,,..,,..,,..,,..,,..,,..,,..,,..,,15.1,f,15.1,,15.1,,..,,..,,..,,..,,..,,..,,..,,..,,..,,..,,4.5,,4.2,,4.5,
Azerbaijan,..,,..,,..,,35.0,,..,,..,,..,,..,,33.7,,..,,..,,..,,33.7,,..,,..,,..,,..,,..,,..,,..,,..,,..,,..,,..,,0.620,,..,,..,,..,,..,,..,,..,,..,,..,,..,,..,,..,,..,,0.615,,..,,..,,..,,..,,..,,..,,..,,..,,..,,..,,..,,..,,0.610,,..,,..,,..,,..,,..,,..,,..,,..,,..,,..,,..,,..,,0.636,,..,,..,,..,,..,,..,,..,,..,,..,,..,,..,,..,,12.0,,8.3,,12.0,,..,,..,,..,,..,,..,,..,,..,,..,,..,,..,,4.4,e,4.5,,4.4,,..,,..,,..,,..,,..,,..,,..,,..,,..,,..,,23.8,,20.6,,23.8,
Bahamas,..,,..,,..,,..,,..,,..,,..,,..,,..,,..,,..,,..,,..,,..,,..,,..,,..,,..,,..,,..,,..,,..,,..,,..,,0.658,,..,,..,,..,,..,,..,,..,,..,,..,,..,,..,,..,,..,,0.618,,..,,..,,..,,..,,..,,..,,..,,..,,..,,..,,..,,..,,0.588,,..,,..,,..,,..,,..,,..,,..,,..,,..,,..,,..,,..,,0.782,,..,,..,,..,,..,,..,,..,,..,,..,,..,,..,,..,,8.0,,7.9,,8.0,,..,,..,,..,,..,,..,,..,,..,,..,,..,,..,,24.5,e,24.5,,24.5,,..,,..,,..,,..,,..,,..,,..,,..,,..,,..,,9.7,,10.9,,9.7,
Bahrain,..,,..,,..,,..,,..,,..,,..,,..,,..,,..,,..,,..,,..,,..,,..,,..,,..,,..,,..,,..,,..,,..,,..,,..,,..,,..,,..,,..,,..,,..,,..,,..,,..,,..,,..,,..,,..,,..,,..,,..,,..,,..,,..,,..,,..,,..,,..,,..,,..,,..,,..,,..,,..,,..,,..,,..,,..,,..,,..,,..,,..,,..,,..,,0.815,,..,,..,,..,,..,,..,,..,,..,,..,,..,,..,,..,,..,,..,,..,,..,,..,,..,,..,,..,,..,,..,,..,,..,,..,,..,,..,,..,,..,,..,,..,,..,,..,,..,,..,,..,,..,,..,,8.1,,6.2,,8.1,
Bangladesh,..,,..,,..,,..,,..,,31.0,,..,,..,,..,,..,,..,,..,,31.0,,..,,..,,..,,..,,..,,..,,..,,..,,..,,..,,..,,0.363,,..,,..,,..,,..,,..,,..,,..,,..,,..,,..,,..,,..,,0.252,,..,,..,,..,,..,,..,,..,,..,,..,,..,,..,,..,,..,,0.321,,..,,..,,..,,..,,..,,..,,..,,..,,..,,..,,..,,..,,0.593,,..,,..,,..,,..,,..,,..,,..,,..,,..,,..,,..,,44.8,,39.4,,44.8,,..,,..,,..,,..,,..,,..,,..,,..,,..,,..,,14.8,e,17.7,,14.8,,..,,..,,..,,..,,..,,..,,..,,..,,..,,..,,25.3,,23.2,,25.3,
Barbados,..,,..,,..,,..,,..,,..,,..,,..,,..,,..,,..,,..,,..,,..,,..,,..,,..,,..,,..,,..,,..,,..,,..,,..,,..,,..,,..,,..,,..,,..,,..,,..,,..,,..,,..,,..,,..,,..,,..,,..,,..,,..,,..,,..,,..,,..,,..,,..,,..,,..,,..,,..,,..,,..,,..,,..,,..,,..,,..,,..,,..,,..,,..,,0.814,,..,,..,,..,,..,,..,,..,,..,,..,,..,,..,,..,,..,,..,,..,,..,,..,,..,,..,,..,,..,,..,,..,,..,,..,,16.1,e,..,,16.1,,..,,..,,..,,..,,..,,..,,..,,..,,..,,..,,7.9,,9.2,,7.9,
Belarus,..,,..,,..,,28.8,,..,,..,,..,,..,,27.2,,..,,..,,..,,27.2,,..,,..,,..,,..,,..,,..,,..,,..,,..,,..,,..,,0.693,,..,,..,,..,,..,,..,,..,,..,,..,,..,,..,,..,,..,,0.735,,..,,..,,..,,..,,..,,..,,..,,..,,..,,..,,..,,..,,0.617,,..,,..,,..,,..,,..,,..,,..,,..,,..,,..,,..,,..,,0.736,,..,,..,,..,,..,,..,,..,,..,,..,,..,,..,,..,,8.0,,5.4,,8.0,,..,,..,,..,,..,,..,,..,,..,,..,,..,,..,,11.1,e,12.1,,11.1,,..,,..,,..,,..,,..,,..,,..,,..,,..,,..,,8.8,,7.4,,8.8,
Belgium,..,,..,,..,,..,,33.0,,..,,..,,..,,..,,..,,..,,..,,33.0,,..,,..,,..,,..,,..,,..,,..,,..,,..,,..,,..,,0.819,,..,,..,,..,,..,,..,,..,,..,,..,,..,,..,,..,,..,,0.825,,..,,..,,..,,..,,..,,..,,..,,..,,..,,..,,..,,..,,0.735,,..,,..,,..,,..,,..,,..,,..,,..,,..,,..,,..,,..,,0.905,,..,,..,,..,,..,,..,,..,,..,,..,,..,,..,,..,,5.2,,6.5,,5.2,,..,,..,,..,,..,,..,,..,,..,,..,,..,,..,,15.1,f,11.7,,15.1,,..,,..,,..,,..,,..,,..,,..,,..,,..,,..,,4.6,,4.4,,4.6,
Belize,..,,..,,..,,59.6,,..,,..,,..,,..,,..,,..,,..,,..,,..,,..,,..,,..,,..,,..,,..,,..,,..,,..,,..,,..,,..,,..,,..,,..,,..,,..,,..,,..,,..,,..,,..,,..,,..,,..,,..,,..,,..,,..,,..,,..,,..,,..,,..,,..,,..,,..,,..,,..,,..,,..,,..,,..,,..,,..,,..,,..,,..,,..,,..,,0.776,,..,,..,,..,,..,,..,,..,,..,,..,,..,,..,,..,,19.8,,..,,19.8,,..,,..,,..,,..,,..,,..,,..,,..,,..,,..,,48.5,e,..,,48.5,,..,,..,,..,,..,,..,,..,,..,,..,,..,,..,,12.4,,12.2,,12.4,
Benin,..,,..,,..,,..,,..,,..,,..,,..,,..,,..,,..,,..,,38.6,,..,,..,,..,,..,,..,,..,,..,,..,,..,,..,,..,,0.274,,..,,..,,..,,..,,..,,..,,..,,..,,..,,..,,..,,..,,0.212,,..,,..,,..,,..,,..,,..,,..,,..,,..,,..,,..,,..,,0.286,,..,,..,,..,,..,,..,,..,,..,,..,,..,,..,,..,,..,,0.340,,..,,..,,..,,..,,..,,..,,..,,..,,..,,..,,..,,44.1,,42.0,,44.1,,..,,..,,..,,..,,..,,..,,..,,..,,..,,..,,19.2,e,23.6,,19.2,,..,,..,,..,,..,,..,,..,,..,,..,,..,,..,,39.7,,40.3,,39.7,
Bhutan,..,,..,,..,,..,,..,,..,,..,,..,,..,,..,,..,,..,,46.7,,..,,..,,..,,..,,..,,..,,..,,..,,..,,..,,..,,..,,..,,..,,..,,..,,..,,..,,..,,..,,..,,..,,..,,..,,0.185,,..,,..,,..,,..,,..,,..,,..,,..,,..,,..,,..,,..,,..,,..,,..,,..,,..,,..,,..,,..,,..,,..,,..,,..,,..,,0.565,,..,,..,,..,,..,,..,,..,,..,,..,,..,,..,,..,,..,,44.8,,..,,..,,..,,..,,..,,..,,..,,..,,..,,..,,..,,25.1,,..,,25.1,,..,,..,,..,,..,,..,,..,,..,,..,,..,,..,,27.5,,24.1,,27.5,
Bolivia (Plurinational State of),..,,..,,..,,..,,..,,..,,..,,57.3,,..,,..,,..,,..,,57.3,,..,,..,,..,,..,,..,,..,,..,,..,,..,,..,,..,,0.437,,..,,..,,..,,..,,..,,..,,..,,..,,..,,..,,..,,..,,0.542,,..,,..,,..,,..,,..,,..,,..,,..,,..,,..,,..,,..,,0.280,,..,,..,,..,,..,,..,,..,,..,,..,,..,,..,,..,,..,,0.550,,..,,..,,..,,..,,..,,..,,..,,..,,..,,..,,..,,28.7,,27.6,,28.7,,..,,..,,..,,..,,..,,..,,..,,..,,..,,..,,54.2,f,47.2,,54.2,,..,,..,,..,,..,,..,,..,,..,,..,,..,,..,,27.2,,25.1,,27.2,
Bosnia and Herzegovina,..,,..,,..,,..,,..,,..,,..,,36.2,,..,,..,,..,,..,,36.2,,..,,..,,..,,..,,..,,..,,..,,..,,..,,..,,..,,0.649,,..,,..,,..,,..,,..,,..,,..,,..,,..,,..,,..,,..,,0.685,,..,,..,,..,,..,,..,,..,,..,,..,,..,,..,,..,,..,,0.502,,..,,..,,..,,..,,..,,..,,..,,..,,..,,..,,..,,..,,0.794,,..,,..,,..,,..,,..,,..,,..,,..,,..,,..,,..,,19.4,,5.2,,19.4,,..,,..,,..,,..,,..,,..,,..,,..,,..,,..,,31.1,e,19.3,,31.1,,..,,..,,..,,..,,..,,..,,..,,..,,..,,..,,9.2,,9.6,,9.2,
Botswana,..,,..,,..,,..,,..,,..,,..,,..,,..,,..,,..,,..,,..,,..,,..,,..,,..,,..,,..,,..,,..,,..,,..,,..,,..,,..,,..,,..,,..,,..,,..,,..,,..,,..,,..,,..,,..,,..,,..,,..,,..,,..,,..,,..,,..,,..,,..,,..,,..,,..,,..,,..,,..,,..,,..,,..,,..,,..,,..,,..,,..,,..,,..,,0.396,,..,,..,,..,,..,,..,,..,,..,,..,,..,,..,,..,,..,,..,,..,,..,,..,,..,,..,,..,,..,,..,,..,,..,,..,,..,,..,,..,,..,,..,,..,,..,,..,,..,,..,,..,,..,,..,,25.9,,24.3,,25.9,
Brazil,..,,59.0,,60.6,,59.2,,..,,..,,..,,..,,..,,53.9,,..,,..,,53.9,,..,,..,,..,,..,,..,,..,,..,,..,,..,,..,,..,,0.519,,..,,..,,..,,..,,..,,..,,..,,..,,..,,..,,..,,..,,0.492,,..,,..,,..,,..,,..,,..,,..,,..,,..,,..,,..,,..,,0.392,,..,,..,,..,,..,,..,,..,,..,,..,,..,,..,,..,,..,,0.723,,..,,..,,..,,..,,..,,..,,..,,..,,..,,..,,..,,25.7,,25.7,,25.7,,..,,..,,..,,..,,..,,..,,..,,..,,..,,..,,37.6,f,40.7,,37.6,,..,,..,,..,,..,,..,,..,,..,,..,,..,,..,,16.6,,14.4,,16.6,
Brunei Darussalam,..,,..,,..,,..,,..,,..,,..,,..,,..,,..,,..,,..,,..,,..,,..,,..,,..,,..,,..,,..,,..,,..,,..,,..,,..,,..,,..,,..,,..,,..,,..,,..,,..,,..,,..,,..,,..,,..,,..,,..,,..,,..,,..,,..,,..,,..,,..,,..,,..,,..,,..,,..,,..,,..,,..,,..,,..,,..,,..,,..,,..,,..,,..,,0.862,,..,,..,,..,,..,,..,,..,,..,,..,,..,,..,,..,,..,,..,,..,,..,,..,,..,,..,,..,,..,,..,,..,,..,,..,,..,,..,,..,,..,,..,,..,,..,,..,,..,,..,,..,,..,,..,,5.4,,5.8,,5.4,
Bulgaria,..,,..,,..,,31.1,,..,,..,,..,,45.3,,..,,..,,..,,..,,45.3,,..,,..,,..,,..,,..,,..,,..,,..,,..,,..,,..,,0.683,,..,,..,,..,,..,,..,,..,,..,,..,,..,,..,,..,,..,,0.754,,..,,..,,..,,..,,..,,..,,..,,..,,..,,..,,..,,..,,0.543,,..,,..,,..,,..,,..,,..,,..,,..,,..,,..,,..,,..,,0.776,,..,,..,,..,,..,,..,,..,,..,,..,,..,,..,,..,,8.1,,5.9,,8.1,,..,,..,,..,,..,,..,,..,,..,,..,,..,,..,,16.1,e,19.9,,16.1,,..,,..,,..,,..,,..,,..,,..,,..,,..,,..,,9.4,,7.8,,9.4,
Burkina Faso,..,,..,,..,,..,,..,,..,,..,,..,,..,,..,,..,,..,,39.6,,..,,..,,..,,..,,..,,..,,..,,..,,..,,..,,..,,0.215,,..,,..,,..,,..,,..,,..,,..,,..,,..,,..,,..,,..,,0.117,,..,,..,,..,,..,,..,,..,,..,,..,,..,,..,,..,,..,,0.260,,..,,..,,..,,..,,..,,..,,..,,..,,..,,..,,..,,..,,0.326,,..,,..,,..,,..,,..,,..,,..,,..,,..,,..,,..,,37.3,,37.3,,37.3,,..,,..,,..,,..,,..,,..,,..,,..,,..,,..,,25.3,e,25.3,,25.3,,..,,..,,..,,..,,..,,..,,..,,..,,..,,..,,44.5,,41.7,,44.5,
Burundi,..,,..,,..,,..,,..,,..,,33.3,,..,,..,,..,,..,,..,,33.3,,..,,..,,..,,..,,..,,..,,..,,..,,..,,..,,..,,..,,..,,..,,..,,..,,..,,..,,..,,..,,..,,..,,..,,..,,..,,..,,..,,..,,..,,..,,..,,..,,..,,..,,..,,..,,..,,..,,..,,..,,..,,..,,..,,..,,..,,..,,..,,..,,..,,..,,0.261,,..,,..,,..,,..,,..,,..,,..,,..,,..,,..,,..,,36.3,,..,,36.3,,..,,..,,..,,..,,..,,..,,..,,..,,..,,..,,24.9,e,..,,24.9,,..,,..,,..,,..,,..,,..,,..,,..,,..,,..,,47.8,,45.6,,47.8,
Cambodia,..,,..,,..,,..,,..,,..,,..,,44.4,,..,,..,,..,,..,,44.4,,..,,..,,..,,..,,..,,..,,..,,..,,..,,..,,..,,0.380,,..,,..,,..,,..,,..,,..,,..,,..,,..,,..,,..,,..,,0.346,,..,,..,,..,,..,,..,,..,,..,,..,,..,,..,,..,,..,,0.328,,..,,..,,..,,..,,..,,..,,..,,..,,..,,..,,..,,..,,0.484,,..,,..,,..,,..,,..,,..,,..,,..,,..,,..,,..,,31.1,,31.1,,31.1,,..,,..,,..,,..,,..,,..,,..,,..,,..,,..,,21.4,e,21.4,,21.4,,..,,..,,..,,..,,..,,..,,..,,..,,..,,..,,33.4,,28.8,,33.4,
Cameroon,..,,..,,..,,..,,..,,..,,..,,..,,..,,..,,..,,..,,44.6,,..,,..,,..,,..,,..,,..,,..,,..,,..,,..,,..,,0.321,,..,,..,,..,,..,,..,,..,,..,,..,,..,,..,,..,,..,,0.336,,..,,..,,..,,..,,..,,..,,..,,..,,..,,..,,..,,..,,0.345,,..,,..,,..,,..,,..,,..,,..,,..,,..,,..,,..,,..,,0.284,,..,,..,,..,,..,,..,,..,,..,,..,,..,,..,,..,,35.3,,35.3,,35.3,,..,,..,,..,,..,,..,,..,,..,,..,,..,,..,,19.9,e,19.9,,19.9,,..,,..,,..,,..,,..,,..,,..,,..,,..,,..,,44.4,,43.0,,44.4,
Canada,..,,..,,..,,..,,32.6,,..,,..,,..,,..,,..,,..,,..,,32.6,,..,,..,,..,,..,,..,,..,,..,,..,,..,,..,,..,,0.829,,..,,..,,..,,..,,..,,..,,..,,..,,..,,..,,..,,..,,0.897,,..,,..,,..,,..,,..,,..,,..,,..,,..,,..,,..,,..,,0.696,,..,,..,,..,,..,,..,,..,,..,,..,,..,,..,,..,,..,,0.914,,..,,..,,..,,..,,..,,..,,..,,..,,..,,..,,..,,3.2,,3.2,,3.2,,..,,..,,..,,..,,..,,..,,..,,..,,..,,..,,17.1,f,17.1,,17.1,,..,,..,,..,,..,,..,,..,,..,,..,,..,,..,,5.0,,5.0,,5.0,
Cape Verde,..,,..,,..,,..,,..,,..,,..,,..,,..,,..,,..,,..,,50.4,,..,,..,,..,,..,,..,,..,,..,,..,,..,,..,,..,,..,,..,,..,,..,,..,,..,,..,,..,,..,,..,,..,,..,,..,,0.295,,..,,..,,..,,..,,..,,..,,..,,..,,..,,..,,..,,..,,..,,..,,..,,..,,..,,..,,..,,..,,..,,..,,..,,..,,..,,0.746,,..,,..,,..,,..,,..,,..,,..,,..,,..,,..,,..,,30.7,,30.7,,30.7,,..,,..,,..,,..,,..,,..,,..,,..,,..,,..,,..,,..,,..,,..,,..,,..,,..,,..,,..,,..,,..,,..,,..,,16.4,,12.7,,16.4,
Central African Republic,..,,..,,..,,..,,..,,..,,..,,..,,..,,..,,..,,..,,43.6,,..,,..,,..,,..,,..,,..,,..,,..,,..,,..,,..,,0.204,,..,,..,,..,,..,,..,,..,,..,,..,,..,,..,,..,,..,,0.174,,..,,..,,..,,..,,..,,..,,..,,..,,..,,..,,..,,..,,0.201,,..,,..,,..,,..,,..,,..,,..,,..,,..,,..,,..,,..,,0.242,,..,,..,,..,,..,,..,,..,,..,,..,,..,,..,,..,,45.9,,45.9,,45.9,,..,,..,,..,,..,,..,,..,,..,,..,,..,,..,,28.1,e,28.1,,28.1,,..,,..,,..,,..,,..,,..,,..,,..,,..,,..,,49.8,,46.0,,49.8,
Chad,..,,..,,..,,..,,..,,..,,..,,..,,..,,..,,..,,..,,39.8,,..,,..,,..,,..,,..,,..,,..,,..,,..,,..,,..,,0.196,,..,,..,,..,,..,,..,,..,,..,,..,,..,,..,,..,,..,,0.124,,..,,..,,..,,..,,..,,..,,..,,..,,..,,..,,..,,..,,0.272,,..,,..,,..,,..,,..,,..,,..,,..,,..,,..,,..,,..,,0.224,,..,,..,,..,,..,,..,,..,,..,,..,,..,,..,,..,,37.8,,43.4,,37.8,,..,,..,,..,,..,,..,,..,,..,,..,,..,,..,,20.8,e,21.0,,20.8,,..,,..,,..,,..,,..,,..,,..,,..,,..,,..,,54.5,,52.0,,54.5,
Chile,..,,..,,55.5,,..,,..,,..,,..,,..,,..,,22.6,,..,,..,,52.1,,..,,..,,..,,..,,..,,..,,..,,..,,..,,..,,..,,0.652,,..,,..,,..,,..,,..,,..,,..,,..,,..,,..,,..,,..,,0.688,,..,,..,,..,,..,,..,,..,,..,,..,,..,,..,,..,,..,,0.462,,..,,..,,..,,..,,..,,..,,..,,..,,..,,..,,..,,..,,0.871,,..,,..,,..,,..,,..,,..,,..,,..,,..,,..,,..,,13.3,,13.7,,13.3,,..,,..,,..,,..,,..,,..,,..,,..,,..,,..,,34.1,f,34.1,,34.1,,..,,..,,..,,..,,..,,..,,..,,..,,..,,..,,6.9,,6.6,,6.9,
China,..,,..,,..,,..,,..,,41.5,,..,,..,,..,,..,,..,,..,,41.5,,..,,..,,..,,..,,..,,..,,..,,..,,..,,..,,..,,0.534,,..,,..,,..,,..,,..,,..,,..,,..,,..,,..,,..,,..,,0.478,,..,,..,,..,,..,,..,,..,,..,,..,,..,,..,,..,,..,,0.436,,..,,..,,..,,..,,..,,..,,..,,..,,..,,..,,..,,..,,0.730,,..,,..,,..,,..,,..,,..,,..,,..,,..,,..,,..,,23.2,,23.2,,23.2,,..,,..,,..,,..,,..,,..,,..,,..,,..,,..,,29.5,g,29.5,,29.5,,..,,..,,..,,..,,..,,..,,..,,..,,..,,..,,15.6,,13.5,,15.6,
Colombia,..,,..,,..,,57.2,,..,,..,,58.5,,..,,..,,..,,..,,..,,58.5,,..,,..,,..,,..,,..,,..,,..,,..,,..,,..,,..,,0.479,,..,,..,,..,,..,,..,,..,,..,,..,,..,,..,,..,,..,,0.515,,..,,..,,..,,..,,..,,..,,..,,..,,..,,..,,..,,..,,0.292,,..,,..,,..,,..,,..,,..,,..,,..,,..,,..,,..,,..,,0.731,,..,,..,,..,,..,,..,,..,,..,,..,,..,,..,,..,,23.9,,22.8,,23.9,,..,,..,,..,,..,,..,,..,,..,,..,,..,,..,,43.6,f,53.9,,43.6,,..,,..,,..,,..,,..,,..,,..,,..,,..,,..,,15.1,,13.7,,15.1,
Comoros,..,,..,,..,,..,,..,,..,,..,,..,,..,,..,,..,,..,,64.3,,..,,..,,..,,..,,..,,..,,..,,..,,..,,..,,..,,..,,..,,..,,..,,..,,..,,..,,..,,..,,..,,..,,..,,..,,0.193,,..,,..,,..,,..,,..,,..,,..,,..,,..,,..,,..,,..,,..,,..,,..,,..,,..,,..,,..,,..,,..,,..,,..,,..,,..,,0.437,,..,,..,,..,,..,,..,,..,,..,,..,,..,,..,,..,,47.4,,47.4,,47.4,,..,,..,,..,,..,,..,,..,,..,,..,,..,,..,,54.0,h,..,,54.0,,..,,..,,..,,..,,..,,..,,..,,..,,..,,..,,27.0,,32.6,,27.0,
Congo,..,,..,,..,,..,,..,,47.3,,..,,..,,..,,..,,..,,..,,47.3,,..,,..,,..,,..,,..,,..,,..,,..,,..,,..,,..,,0.367,,..,,..,,..,,..,,..,,..,,..,,..,,..,,..,,..,,..,,0.390,,..,,..,,..,,..,,..,,..,,..,,..,,..,,..,,..,,..,,0.342,,..,,..,,..,,..,,..,,..,,..,,..,,..,,..,,..,,..,,0.371,,..,,..,,..,,..,,..,,..,,..,,..,,..,,..,,..,,30.0,,25.4,,30.0,,..,,..,,..,,..,,..,,..,,..,,..,,..,,..,,22.0,e,30.3,,22.0,,..,,..,,..,,..,,..,,..,,..,,..,,..,,..,,41.9,,37.0,,41.9,
Congo (Democratic Republic of the),..,,..,,..,,..,,..,,..,,44.4,,..,,..,,..,,..,,..,,44.4,,..,,..,,..,,..,,..,,..,,..,,..,,..,,..,,..,,0.172,,..,,..,,..,,..,,..,,..,,..,,..,,..,,..,,..,,..,,0.245,,..,,..,,..,,..,,..,,..,,..,,..,,..,,..,,..,,..,,0.093,,..,,..,,..,,..,,..,,..,,..,,..,,..,,..,,..,,..,,0.224,,..,,..,,..,,..,,..,,..,,..,,..,,..,,..,,..,,29.1,,31.2,,29.1,,..,,..,,..,,..,,..,,..,,..,,..,,..,,..,,22.1,e,36.8,,22.1,,..,,..,,..,,..,,..,,..,,..,,..,,..,,..,,52.9,,50.0,,52.9,
Costa Rica,..,,..,,45.7,,..,,..,,..,,..,,..,,..,,50.3,,..,,..,,50.3,,..,,..,,..,,..,,..,,..,,..,,..,,..,,..,,..,,0.591,,..,,..,,..,,..,,..,,..,,..,,..,,..,,..,,..,,..,,0.543,,..,,..,,..,,..,,..,,..,,..,,..,,..,,..,,..,,..,,0.442,,..,,..,,..,,..,,..,,..,,..,,..,,..,,..,,..,,..,,0.863,,..,,..,,..,,..,,..,,..,,..,,..,,..,,..,,..,,17.7,,17.7,,17.7,,..,,..,,..,,..,,..,,..,,..,,..,,..,,..,,33.7,f,33.7,,33.7,,..,,..,,..,,..,,..,,..,,..,,..,,..,,..,,8.3,,7.8,,8.3,
Croatia,..,,..,,..,,..,,..,,..,,..,,..,,33.7,,..,,..,,..,,33.7,,..,,..,,..,,..,,..,,..,,..,,..,,..,,..,,..,,0.675,,..,,..,,..,,..,,..,,..,,..,,..,,..,,..,,..,,..,,0.697,,..,,..,,..,,..,,..,,..,,..,,..,,..,,..,,..,,..,,0.523,,..,,..,,..,,..,,..,,..,,..,,..,,..,,..,,..,,..,,0.844,,..,,..,,..,,..,,..,,..,,..,,..,,..,,..,,..,,10.4,,10.4,,10.4,,..,,..,,..,,..,,..,,..,,..,,..,,..,,..,,27.8,e,27.8,,27.8,,..,,..,,..,,..,,..,,..,,..,,..,,..,,..,,6.0,,5.5,,6.0,
Cuba,..,,..,,..,,..,,..,,..,,..,,..,,..,,..,,..,,..,,..,,..,,..,,..,,..,,..,,..,,..,,..,,..,,..,,..,,..,,..,,..,,..,,..,,..,,..,,..,,..,,..,,..,,..,,..,,..,,..,,..,,..,,..,,..,,..,,..,,..,,..,,..,,..,,..,,..,,..,,..,,..,,..,,..,,..,,..,,..,,..,,..,,..,,..,,0.883,,..,,..,,..,,..,,..,,..,,..,,..,,..,,..,,..,,12.3,,..,,12.3,,..,,..,,..,,..,,..,,..,,..,,..,,..,,..,,..,,..,,..,,..,,..,,..,,..,,..,,..,,..,,..,,..,,..,,5.8,,5.4,,5.8,
Cyprus,..,,..,,..,,..,,..,,..,,..,,..,,..,,..,,..,,..,,..,,..,,..,,..,,..,,..,,..,,..,,..,,..,,..,,..,,0.755,,..,,..,,..,,..,,..,,..,,..,,..,,..,,..,,..,,..,,0.678,,..,,..,,..,,..,,..,,..,,..,,..,,..,,..,,..,,..,,0.704,,..,,..,,..,,..,,..,,..,,..,,..,,..,,..,,..,,..,,0.901,,..,,..,,..,,..,,..,,..,,..,,..,,..,,..,,..,,15.7,,15.0,,15.7,,..,,..,,..,,..,,..,,..,,..,,..,,..,,..,,13.8,f,10.9,,13.8,,..,,..,,..,,..,,..,,..,,..,,..,,..,,..,,5.1,,4.1,,5.1,
Czech Republic,..,,..,,..,,..,,..,,..,,..,,..,,..,,..,,..,,..,,..,,..,,..,,..,,..,,..,,..,,..,,..,,..,,..,,..,,0.821,,..,,..,,..,,..,,..,,..,,..,,..,,..,,..,,..,,..,,0.912,,..,,..,,..,,..,,..,,..,,..,,..,,..,,..,,..,,..,,0.695,,..,,..,,..,,..,,..,,..,,..,,..,,..,,..,,..,,..,,0.874,,..,,..,,..,,..,,..,,..,,..,,..,,..,,..,,..,,1.3,,1.3,,1.3,,..,,..,,..,,..,,..,,..,,..,,..,,..,,..,,12.2,f,9.6,,12.2,,..,,..,,..,,..,,..,,..,,..,,..,,..,,..,,4.3,,3.9,,4.3,
Côte d'Ivoire,..,,41.2,,..,,36.7,,..,,..,,..,,..,,46.1,,..,,..,,..,,46.1,,..,,..,,..,,..,,..,,..,,..,,..,,..,,..,,..,,0.246,,..,,..,,..,,..,,..,,..,,..,,..,,..,,..,,..,,..,,0.173,,..,,..,,..,,..,,..,,..,,..,,..,,..,,..,,..,,..,,0.247,,..,,..,,..,,..,,..,,..,,..,,..,,..,,..,,..,,..,,0.347,,..,,..,,..,,..,,..,,..,,..,,..,,..,,..,,..,,44.8,,43.2,,44.8,,..,,..,,..,,..,,..,,..,,..,,..,,..,,..,,20.5,e,34.4,,20.5,,..,,..,,..,,..,,..,,..,,..,,..,,..,,..,,40.5,,37.8,,40.5,
Denmark,..,,..,,..,,..,,..,,..,,..,,..,,..,,..,,..,,..,,..,,..,,..,,..,,..,,..,,..,,..,,..,,..,,..,,..,,0.842,,..,,..,,..,,..,,..,,..,,..,,..,,..,,..,,..,,..,,0.895,,..,,..,,..,,..,,..,,..,,..,,..,,..,,..,,..,,..,,0.751,,..,,..,,..,,..,,..,,..,,..,,..,,..,,..,,..,,..,,0.887,,..,,..,,..,,..,,..,,..,,..,,..,,..,,..,,..,,3.0,,3.1,,3.0,,..,,..,,..,,..,,..,,..,,..,,..,,..,,..,,11.3,f,10.2,,11.3,,..,,..,,..,,..,,..,,..,,..,,..,,..,,..,,4.8,,4.4,,4.8,
Djibouti,..,,..,,..,,..,,..,,..,,..,,..,,..,,..,,..,,..,,39.9,,..,,..,,..,,..,,..,,..,,..,,..,,..,,..,,..,,0.275,,..,,..,,..,,..,,..,,..,,..,,..,,..,,..,,..,,..,,0.156,,..,,..,,..,,..,,..,,..,,..,,..,,..,,..,,..,,..,,0.355,,..,,..,,..,,..,,..,,..,,..,,..,,..,,..,,..,,..,,0.377,,..,,..,,..,,..,,..,,..,,..,,..,,..,,..,,..,,47.0,,47.0,,47.0,,..,,..,,..,,..,,..,,..,,..,,..,,..,,..,,21.3,e,21.3,,21.3,,..,,..,,..,,..,,..,,..,,..,,..,,..,,..,,41.0,,36.9,,41.0,
Dominica,..,,..,,..,,..,,..,,..,,..,,..,,..,,..,,..,,..,,..,,..,,..,,..,,..,,..,,..,,..,,..,,..,,..,,..,,..,,..,,..,,..,,..,,..,,..,,..,,..,,..,,..,,..,,..,,..,,..,,..,,..,,..,,..,,..,,..,,..,,..,,..,,..,,..,,..,,..,,..,,..,,..,,..,,..,,..,,..,,..,,..,,..,,..,,..,,..,,..,,..,,..,,..,,..,,..,,..,,..,,..,,..,,..,,..,,..,,..,,..,,..,,..,,..,,..,,..,,..,,..,,..,,..,,..,,..,,..,,..,,..,,..,,..,,..,,..,,..,,..,,..,,..,,..,,..,
Dominican Republic,..,,..,,..,,..,,..,,..,,..,,48.4,,..,,..,,..,,..,,48.4,,..,,..,,..,,..,,..,,..,,..,,..,,..,,..,,..,,0.510,,..,,..,,..,,..,,..,,..,,..,,..,,..,,..,,..,,..,,0.451,,..,,..,,..,,..,,..,,..,,..,,..,,..,,..,,..,,..,,0.417,,..,,..,,..,,..,,..,,..,,..,,..,,..,,..,,..,,..,,0.707,,..,,..,,..,,..,,..,,..,,..,,..,,..,,..,,..,,22.2,,26.8,,22.2,,..,,..,,..,,..,,..,,..,,..,,..,,..,,..,,32.6,f,33.8,,32.6,,..,,..,,..,,..,,..,,..,,..,,..,,..,,..,,18.9,,16.0,,18.9,
Ecuador,..,,..,,..,,..,,..,,..,,..,,..,,..,,49.0,,..,,..,,49.0,,..,,..,,..,,..,,..,,..,,..,,..,,..,,..,,..,,0.535,,..,,..,,..,,..,,..,,..,,..,,..,,..,,..,,..,,..,,0.535,,..,,..,,..,,..,,..,,..,,..,,..,,..,,..,,..,,..,,0.379,,..,,..,,..,,..,,..,,..,,..,,..,,..,,..,,..,,..,,0.753,,..,,..,,..,,..,,..,,..,,..,,..,,..,,..,,..,,21.8,,22.1,,21.8,,..,,..,,..,,..,,..,,..,,..,,..,,..,,..,,23.4,f,38.8,,23.4,,..,,..,,..,,..,,..,,..,,..,,..,,..,,..,,15.2,,14.1,,15.2,
Egypt,..,,..,,..,,..,,..,,32.1,,..,,..,,..,,..,,..,,..,,32.1,,..,,..,,..,,..,,..,,..,,..,,..,,..,,..,,..,,0.489,,..,,..,,..,,..,,..,,..,,..,,..,,..,,..,,..,,..,,0.331,,..,,..,,..,,..,,..,,..,,..,,..,,..,,..,,..,,..,,0.487,,..,,..,,..,,..,,..,,..,,..,,..,,..,,..,,..,,..,,0.723,,..,,..,,..,,..,,..,,..,,..,,..,,..,,..,,..,,43.6,,40.9,,43.6,,..,,..,,..,,..,,..,,..,,..,,..,,..,,..,,15.9,e,14.2,,15.9,,..,,..,,..,,..,,..,,..,,..,,..,,..,,..,,19.8,,13.9,,19.8,
El Salvador,..,,..,,..,,49.9,,..,,..,,..,,46.9,,..,,..,,..,,..,,46.9,,..,,..,,..,,..,,..,,..,,..,,..,,..,,..,,..,,0.495,,..,,..,,..,,..,,..,,..,,..,,..,,..,,..,,..,,..,,0.431,,..,,..,,..,,..,,..,,..,,..,,..,,..,,..,,..,,..,,0.403,,..,,..,,..,,..,,..,,..,,..,,..,,..,,..,,..,,..,,0.698,,..,,..,,..,,..,,..,,..,,..,,..,,..,,..,,..,,32.5,,32.4,,32.5,,..,,..,,..,,..,,..,,..,,..,,..,,..,,..,,32.7,f,31.1,,32.7,,..,,..,,..,,..,,..,,..,,..,,..,,..,,..,,16.5,,15.2,,16.5,
Equatorial Guinea,..,,..,,..,,..,,..,,..,,..,,..,,..,,..,,..,,..,,..,,..,,..,,..,,..,,..,,..,,..,,..,,..,,..,,..,,..,,..,,..,,..,,..,,..,,..,,..,,..,,..,,..,,..,,..,,0.303,,..,,..,,..,,..,,..,,..,,..,,..,,..,,..,,..,,..,,..,,..,,..,,..,,..,,..,,..,,..,,..,,..,,..,,..,,..,,0.268,,..,,..,,..,,..,,..,,..,,..,,..,,..,,..,,..,,29.2,,29.2,,29.2,,..,,..,,..,,..,,..,,..,,..,,..,,..,,..,,..,,..,,..,,..,,..,,..,,..,,..,,..,,..,,..,,..,,..,,48.2,,45.4,,48.2,
Eritrea,..,,..,,..,,..,,..,,..,,..,,..,,..,,..,,..,,..,,..,,..,,..,,..,,..,,..,,..,,..,,..,,..,,..,,..,,..,,..,,..,,..,,..,,..,,..,,..,,..,,..,,..,,..,,..,,..,,..,,..,,..,,..,,..,,..,,..,,..,,..,,..,,..,,..,,..,,..,,..,,..,,..,,..,,..,,..,,..,,..,,..,,..,,..,,0.481,,..,,..,,..,,..,,..,,..,,..,,..,,..,,..,,..,,..,,..,,..,,..,,..,,..,,..,,..,,..,,..,,..,,..,,..,,..,,..,,..,,..,,..,,..,,..,,..,,..,,..,,..,,..,,..,,30.2,,26.6,,30.2,
Estonia,..,,..,,..,,30.1,,..,,..,,..,,..,,..,,..,,..,,..,,36.0,,..,,..,,..,,..,,..,,..,,..,,..,,..,,..,,..,,0.769,,..,,..,,..,,..,,..,,..,,..,,..,,..,,..,,..,,..,,0.891,,..,,..,,..,,..,,..,,..,,..,,..,,..,,..,,..,,..,,0.627,,..,,..,,..,,..,,..,,..,,..,,..,,..,,..,,..,,..,,0.813,,..,,..,,..,,..,,..,,..,,..,,..,,..,,..,,..,,3.1,,2.7,,3.1,,..,,..,,..,,..,,..,,..,,..,,..,,..,,..,,17.7,f,14.5,,17.7,,..,,..,,..,,..,,..,,..,,..,,..,,..,,..,,7.9,,6.0,,7.9,
Ethiopia,..,,..,,..,,40.0,,..,,29.8,,..,,..,,..,,..,,..,,..,,29.8,,..,,..,,..,,..,,..,,..,,..,,..,,..,,..,,..,,0.247,,..,,..,,..,,..,,..,,..,,..,,..,,..,,..,,..,,..,,0.146,,..,,..,,..,,..,,..,,..,,..,,..,,..,,..,,..,,..,,0.258,,..,,..,,..,,..,,..,,..,,..,,..,,..,,..,,..,,..,,0.400,,..,,..,,..,,..,,..,,..,,..,,..,,..,,..,,..,,38.2,,38.2,,38.2,,..,,..,,..,,..,,..,,..,,..,,..,,..,,..,,20.8,e,20.8,,20.8,,..,,..,,..,,..,,..,,..,,..,,..,,..,,..,,42.1,,35.4,,42.1,
Fiji,..,,..,,..,,..,,..,,..,,..,,..,,..,,..,,..,,..,,..,,..,,..,,..,,..,,..,,..,,..,,..,,..,,..,,..,,..,,..,,..,,..,,..,,..,,..,,..,,..,,..,,..,,..,,..,,..,,..,,..,,..,,..,,..,,..,,..,,..,,..,,..,,..,,..,,..,,..,,..,,..,,..,,..,,..,,..,,..,,..,,..,,..,,..,,0.676,,..,,..,,..,,..,,..,,..,,..,,..,,..,,..,,..,,11.0,,..,,11.0,,..,,..,,..,,..,,..,,..,,..,,..,,..,,..,,..,,..,,..,,..,,..,,..,,..,,..,,..,,..,,..,,..,,..,,13.9,,13.0,,13.9,
Finland,..,,..,,..,,..,,26.9,,..,,..,,..,,..,,..,,..,,..,,26.9,,..,,..,,..,,..,,..,,..,,..,,..,,..,,..,,..,,0.833,,..,,..,,..,,..,,..,,..,,..,,..,,..,,..,,..,,..,,0.858,,..,,..,,..,,..,,..,,..,,..,,..,,..,,..,,..,,..,,0.740,,..,,..,,..,,..,,..,,..,,..,,..,,..,,..,,..,,..,,0.909,,..,,..,,..,,..,,..,,..,,..,,..,,..,,..,,..,,4.7,,2.1,,4.7,,..,,..,,..,,..,,..,,..,,..,,..,,..,,..,,13.4,f,10.6,,13.4,,..,,..,,..,,..,,..,,..,,..,,..,,..,,..,,4.0,,3.9,,4.0,
France,..,,..,,..,,32.7,,..,,..,,..,,..,,..,,..,,..,,..,,..,,..,,..,,..,,..,,..,,..,,..,,..,,..,,..,,..,,0.804,,..,,..,,..,,..,,..,,..,,..,,..,,..,,..,,..,,..,,0.791,,..,,..,,..,,..,,..,,..,,..,,..,,..,,..,,..,,..,,0.705,,..,,..,,..,,..,,..,,..,,..,,..,,..,,..,,..,,..,,0.930,,..,,..,,..,,..,,..,,..,,..,,..,,..,,..,,..,,9.1,,9.1,,9.1,,..,,..,,..,,..,,..,,..,,..,,..,,..,,..,,13.9,f,13.9,,13.9,,..,,..,,..,,..,,..,,..,,..,,..,,..,,..,,4.5,,4.2,,4.5,
Gabon,..,,..,,..,,..,,..,,41.5,,..,,..,,..,,..,,..,,..,,41.5,,..,,..,,..,,..,,..,,..,,..,,..,,..,,..,,..,,0.543,,..,,..,,..,,..,,..,,..,,..,,..,,..,,..,,..,,..,,0.612,,..,,..,,..,,..,,..,,..,,..,,..,,..,,..,,..,,..,,0.536,,..,,..,,..,,..,,..,,..,,..,,..,,..,,..,,..,,..,,0.486,,..,,..,,..,,..,,..,,..,,..,,..,,..,,..,,..,,7.3,,7.3,,7.3,,..,,..,,..,,..,,..,,..,,..,,..,,..,,..,,22.1,e,22.1,,22.1,,..,,..,,..,,..,,..,,..,,..,,..,,..,,..,,31.9,,27.8,,31.9,
Gambia,..,,..,,..,,..,,..,,..,,..,,..,,..,,..,,..,,..,,47.3,,..,,..,,..,,..,,..,,..,,..,,..,,..,,..,,..,,..,,..,,..,,..,,..,,..,,..,,..,,..,,..,,..,,..,,..,,..,,..,,..,,..,,..,,..,,..,,..,,..,,..,,..,,..,,..,,..,,..,,..,,..,,..,,..,,..,,..,,..,,..,,..,,..,,..,,0.402,,..,,..,,..,,..,,..,,..,,..,,..,,..,,..,,..,,44.7,,..,,44.7,,..,,..,,..,,..,,..,,..,,..,,..,,..,,..,,33.3,e,..,,33.3,,..,,..,,..,,..,,..,,..,,..,,..,,..,,..,,38.5,,33.9,,38.5,
Georgia,..,,..,,..,,..,,..,,..,,..,,..,,41.3,,..,,..,,..,,41.3,,..,,..,,..,,..,,..,,..,,..,,..,,..,,..,,..,,0.630,,..,,..,,..,,..,,..,,..,,..,,..,,..,,..,,..,,..,,0.812,,..,,..,,..,,..,,..,,..,,..,,..,,..,,..,,..,,..,,0.428,,..,,..,,..,,..,,..,,..,,..,,..,,..,,..,,..,,..,,0.720,,..,,..,,..,,..,,..,,..,,..,,..,,..,,..,,..,,4.9,,3.3,,4.9,,..,,..,,..,,..,,..,,..,,..,,..,,..,,..,,25.9,h,22.7,,25.9,,..,,..,,..,,..,,..,,..,,..,,..,,..,,..,,19.0,,15.1,,19.0,
Germany,..,,..,,..,,..,,28.3,,..,,..,,..,,..,,..,,..,,..,,28.3,,..,,..,,..,,..,,..,,..,,..,,..,,..,,..,,..,,0.842,,..,,..,,..,,..,,..,,..,,..,,..,,..,,..,,..,,..,,0.911,,..,,..,,..,,..,,..,,..,,..,,..,,..,,..,,..,,..,,0.717,,..,,..,,..,,..,,..,,..,,..,,..,,..,,..,,..,,..,,0.915,,..,,..,,..,,..,,..,,..,,..,,..,,..,,..,,..,,2.3,,1.8,,2.3,,..,,..,,..,,..,,..,,..,,..,,..,,..,,..,,16.7,f,14.5,,16.7,,..,,..,,..,,..,,..,,..,,..,,..,,..,,..,,4.4,,4.0,,4.4,
Ghana,..,,..,,..,,..,,..,,..,,42.8,,..,,..,,..,,..,,..,,42.8,,..,,..,,..,,..,,..,,..,,..,,..,,..,,..,,..,,0.367,,..,,..,,..,,..,,..,,..,,..,,..,,..,,..,,..,,..,,0.339,,..,,..,,..,,..,,..,,..,,..,,..,,..,,..,,..,,..,,0.288,,..,,..,,..,,..,,..,,..,,..,,..,,..,,..,,..,,..,,0.506,,..,,..,,..,,..,,..,,..,,..,,..,,..,,..,,..,,7.5,,40.9,,7.5,,..,,..,,..,,..,,..,,..,,..,,..,,..,,..,,25.4,e,27.2,,25.4,,..,,..,,..,,..,,..,,..,,..,,..,,..,,..,,39.7,,27.5,,39.7,
Greece,..,,..,,..,,..,,34.3,,..,,..,,..,,..,,..,,..,,..,,34.3,,..,,..,,..,,..,,..,,..,,..,,..,,..,,..,,..,,0.756,,..,,..,,..,,..,,..,,..,,..,,..,,..,,..,,..,,..,,0.738,,..,,..,,..,,..,,..,,..,,..,,..,,..,,..,,..,,..,,0.649,,..,,..,,..,,..,,..,,..,,..,,..,,..,,..,,..,,..,,0.900,,..,,..,,..,,..,,..,,..,,..,,..,,..,,..,,..,,5.8,,14.3,,5.8,,..,,..,,..,,..,,..,,..,,..,,..,,..,,..,,19.9,f,17.1,,19.9,,..,,..,,..,,..,,..,,..,,..,,..,,..,,..,,4.0,,4.8,,4.0,
Grenada,..,,..,,..,,..,,..,,..,,..,,..,,..,,..,,..,,..,,..,,..,,..,,..,,..,,..,,..,,..,,..,,..,,..,,..,,..,,..,,..,,..,,..,,..,,..,,..,,..,,..,,..,,..,,..,,..,,..,,..,,..,,..,,..,,..,,..,,..,,..,,..,,..,,..,,..,,..,,..,,..,,..,,..,,..,,..,,..,,..,,..,,..,,..,,0.798,,..,,..,,..,,..,,..,,..,,..,,..,,..,,..,,..,,..,,..,,..,,..,,..,,..,,..,,..,,..,,..,,..,,..,,..,,..,,..,,..,,..,,..,,..,,..,,..,,..,,..,,..,,..,,..,,9.6,,9.6,,9.6,
Guatemala,..,,..,,..,,..,,..,,..,,53.7,,..,,..,,..,,..,,..,,53.7,,..,,..,,..,,..,,..,,..,,..,,..,,..,,..,,..,,0.393,,..,,..,,..,,..,,..,,..,,..,,..,,..,,..,,..,,..,,0.280,,..,,..,,..,,..,,..,,..,,..,,..,,..,,..,,..,,..,,0.329,,..,,..,,..,,..,,..,,..,,..,,..,,..,,..,,..,,..,,0.657,,..,,..,,..,,..,,..,,..,,..,,..,,..,,..,,..,,36.1,,36.1,,36.1,,..,,..,,..,,..,,..,,..,,..,,..,,..,,..,,42.5,f,38.5,,42.5,,..,,..,,..,,..,,..,,..,,..,,..,,..,,..,,20.4,,18.6,,20.4,
Guinea,..,,..,,..,,..,,..,,..,,..,,39.4,,..,,..,,..,,..,,39.4,,..,,..,,..,,..,,..,,..,,..,,..,,..,,..,,..,,0.211,,..,,..,,..,,..,,..,,..,,..,,..,,..,,..,,..,,..,,0.143,,..,,..,,..,,..,,..,,..,,..,,..,,..,,..,,..,,..,,0.213,,..,,..,,..,,..,,..,,..,,..,,..,,..,,..,,..,,..,,0.308,,..,,..,,..,,..,,..,,..,,..,,..,,..,,..,,..,,42.6,,42.0,,42.6,,..,,..,,..,,..,,..,,..,,..,,..,,..,,..,,26.8,e,31.1,,26.8,,..,,..,,..,,..,,..,,..,,..,,..,,..,,..,,44.5,,42.7,,44.5,
Guinea-Bissau,..,,..,,..,,..,,..,,..,,..,,..,,..,,..,,..,,..,,35.5,,..,,..,,..,,..,,..,,..,,..,,..,,..,,..,,..,,0.207,,..,,..,,..,,..,,..,,..,,..,,..,,..,,..,,..,,..,,0.181,,..,,..,,..,,..,,..,,..,,..,,..,,..,,..,,..,,..,,0.222,,..,,..,,..,,..,,..,,..,,..,,..,,..,,..,,..,,..,,0.221,,..,,..,,..,,..,,..,,..,,..,,..,,..,,..,,..,,40.3,,40.3,,40.3,,..,,..,,..,,..,,..,,..,,..,,..,,..,,..,,32.5,h,32.5,,32.5,,..,,..,,..,,..,,..,,..,,..,,..,,..,,..,,52.5,,50.1,,52.5,
Guyana,..,,..,,..,,..,,..,,..,,..,,..,,..,,..,,..,,..,,43.2,,..,,..,,..,,..,,..,,..,,..,,..,,..,,..,,..,,0.492,,..,,..,,..,,..,,..,,..,,..,,..,,..,,..,,..,,..,,0.574,,..,,..,,..,,..,,..,,..,,..,,..,,..,,..,,..,,..,,0.337,,..,,..,,..,,..,,..,,..,,..,,..,,..,,..,,..,,..,,0.616,,..,,..,,..,,..,,..,,..,,..,,..,,..,,..,,..,,9.6,,11.7,,9.6,,..,,..,,..,,..,,..,,..,,..,,..,,..,,..,,20.3,f,32.1,,20.3,,..,,..,,..,,..,,..,,..,,..,,..,,..,,..,,25.2,,21.7,,25.2,
Haiti,..,,..,,..,,..,,..,,..,,..,,..,,..,,..,,..,,..,,59.5,,..,,..,,..,,..,,..,,..,,..,,..,,..,,..,,..,,0.271,,..,,..,,..,,..,,..,,..,,..,,..,,..,,..,,..,,..,,0.241,,..,,..,,..,,..,,..,,..,,..,,..,,..,,..,,..,,..,,0.180,,..,,..,,..,,..,,..,,..,,..,,..,,..,,..,,..,,..,,0.459,,..,,..,,..,,..,,..,,..,,..,,..,,..,,..,,..,,40.7,,40.7,,40.7,,..,,..,,..,,..,,..,,..,,..,,..,,..,,..,,47.9,h,47.9,,47.9,,..,,..,,..,,..,,..,,..,,..,,..,,..,,..,,32.9,,30.9,,32.9,
Honduras,..,,..,,57.4,,..,,..,,..,,..,,57.7,,..,,..,,..,,..,,57.7,,..,,..,,..,,..,,..,,..,,..,,..,,..,,..,,..,,0.427,,..,,..,,..,,..,,..,,..,,..,,..,,..,,..,,..,,..,,0.392,,..,,..,,..,,..,,..,,..,,..,,..,,..,,..,,..,,..,,0.287,,..,,..,,..,,..,,..,,..,,..,,..,,..,,..,,..,,..,,0.693,,..,,..,,..,,..,,..,,..,,..,,..,,..,,..,,..,,31.0,,31.8,,31.0,,..,,..,,..,,..,,..,,..,,..,,..,,..,,..,,39.7,f,43.4,,39.7,,..,,..,,..,,..,,..,,..,,..,,..,,..,,..,,19.7,,17.4,,19.7,
"Hong Kong, China (SAR)",..,,..,,..,,..,,..,,..,,..,,..,,..,,..,,..,,..,,43.4,,..,,..,,..,,..,,..,,..,,..,,..,,..,,..,,..,,..,,..,,..,,..,,..,,..,,..,,..,,..,,..,,..,,..,,..,,..,,..,,..,,..,,..,,..,,..,,..,,..,,..,,..,,..,,..,,..,,..,,..,,..,,..,,..,,..,,..,,..,,..,,..,,..,,..,,0.961,,..,,..,,..,,..,,..,,..,,..,,..,,..,,..,,..,,..,,..,,..,,..,,..,,..,,..,,..,,..,,..,,..,,..,,..,,..,,..,,..,,..,,..,,..,,..,,..,,..,,..,,..,,..,,..,,4.1,,2.9,,4.1,
Hungary,..,,..,,..,,..,,..,,..,,..,,31.2,,..,,..,,..,,..,,31.2,,..,,..,,..,,..,,..,,..,,..,,..,,..,,..,,..,,0.759,,..,,..,,..,,..,,..,,..,,..,,..,,..,,..,,..,,..,,0.831,,..,,..,,..,,..,,..,,..,,..,,..,,..,,..,,..,,..,,0.650,,..,,..,,..,,..,,..,,..,,..,,..,,..,,..,,..,,..,,0.809,,..,,..,,..,,..,,..,,..,,..,,..,,..,,..,,..,,4.1,,4.0,,4.1,,..,,..,,..,,..,,..,,..,,..,,..,,..,,..,,14.7,e,11.2,,14.7,,..,,..,,..,,..,,..,,..,,..,,..,,..,,..,,6.6,,5.7,,6.6,
Iceland,..,,..,,..,,..,,..,,..,,..,,..,,..,,..,,..,,..,,..,,..,,..,,..,,..,,..,,..,,..,,..,,..,,..,,..,,0.845,,..,,..,,..,,..,,..,,..,,..,,..,,..,,..,,..,,..,,0.888,,..,,..,,..,,..,,..,,..,,..,,..,,..,,..,,..,,..,,0.718,,..,,..,,..,,..,,..,,..,,..,,..,,..,,..,,..,,..,,0.945,,..,,..,,..,,..,,..,,..,,..,,..,,..,,..,,..,,2.6,,2.6,,2.6,,..,,..,,..,,..,,..,,..,,..,,..,,..,,..,,13.4,f,11.8,,13.4,,..,,..,,..,,..,,..,,..,,..,,..,,..,,..,,3.5,,3.0,,3.5,
India,..,,..,,..,,..,,..,,36.8,,..,,..,,..,,..,,..,,..,,36.8,,..,,..,,..,,..,,..,,..,,..,,..,,..,,..,,..,,0.392,,..,,..,,..,,..,,..,,..,,..,,..,,..,,..,,..,,..,,0.267,,..,,..,,..,,..,,..,,..,,..,,..,,..,,..,,..,,..,,0.433,,..,,..,,..,,..,,..,,..,,..,,..,,..,,..,,..,,..,,0.522,,..,,..,,..,,..,,..,,..,,..,,..,,..,,..,,..,,40.6,,40.6,,40.6,,..,,..,,..,,..,,..,,..,,..,,..,,..,,..,,14.7,e,14.7,,14.7,,..,,..,,..,,..,,..,,..,,..,,..,,..,,..,,31.3,,27.1,,31.3,
Indonesia,..,,..,,..,,..,,..,,..,,..,,..,,..,,36.8,,..,,..,,36.8,,..,,..,,..,,..,,..,,..,,..,,..,,..,,..,,..,,0.504,,..,,..,,..,,..,,..,,..,,..,,..,,..,,..,,..,,..,,0.465,,..,,..,,..,,..,,..,,..,,..,,..,,..,,..,,..,,..,,0.426,,..,,..,,..,,..,,..,,..,,..,,..,,..,,..,,..,,..,,0.648,,..,,..,,..,,..,,..,,..,,..,,..,,..,,..,,..,,21.4,,20.4,,21.4,,..,,..,,..,,..,,..,,..,,..,,..,,..,,..,,14.8,e,17.7,,14.8,,..,,..,,..,,..,,..,,..,,..,,..,,..,,..,,16.8,,16.8,,16.8,
Iran (Islamic Republic of),..,,..,,43.6,,..,,..,,38.3,,..,,..,,..,,..,,..,,..,,38.3,,..,,..,,..,,..,,..,,..,,..,,..,,..,,..,,..,,..,,..,,..,,..,,..,,..,,..,,..,,..,,..,,..,,..,,..,,..,,..,,..,,..,,..,,..,,..,,..,,..,,..,,..,,..,,..,,..,,..,,..,,..,,..,,..,,..,,..,,..,,..,,..,,..,,..,,0.701,,..,,..,,..,,..,,..,,..,,..,,..,,..,,..,,..,,..,,..,,..,,..,,..,,..,,..,,..,,..,,..,,..,,..,,..,,..,,..,,..,,..,,..,,..,,..,,..,,..,,..,,..,,..,,..,,17.3,,16.1,,17.3,
Iraq,..,,..,,..,,..,,..,,..,,..,,..,,..,,..,,..,,..,,..,,..,,..,,..,,..,,..,,..,,..,,..,,..,,..,,..,,..,,..,,..,,..,,..,,..,,..,,..,,..,,..,,..,,..,,..,,..,,..,,..,,..,,..,,..,,..,,..,,..,,..,,..,,..,,..,,..,,..,,..,,..,,..,,..,,..,,..,,..,,..,,..,,..,,..,,0.617,,..,,..,,..,,..,,..,,..,,..,,..,,..,,..,,..,,33.0,,..,,33.0,,..,,..,,..,,..,,..,,..,,..,,..,,..,,..,,..,,..,,..,,..,,..,,..,,..,,..,,..,,..,,..,,..,,..,,20.4,,20.3,,20.4,
Ireland,..,,..,,..,,..,,34.3,,..,,..,,..,,..,,..,,..,,..,,34.3,,..,,..,,..,,..,,..,,..,,..,,..,,..,,..,,..,,0.843,,..,,..,,..,,..,,..,,..,,..,,..,,..,,..,,..,,..,,0.933,,..,,..,,..,,..,,..,,..,,..,,..,,..,,..,,..,,..,,0.701,,..,,..,,..,,..,,..,,..,,..,,..,,..,,..,,..,,..,,0.915,,..,,..,,..,,..,,..,,..,,..,,..,,..,,..,,..,,3.2,,3.2,,3.2,,..,,..,,..,,..,,..,,..,,..,,..,,..,,..,,18.8,f,13.8,,18.8,,..,,..,,..,,..,,..,,..,,..,,..,,..,,..,,4.6,,4.3,,4.6,
Israel,..,,..,,..,,..,,..,,..,,..,,..,,..,,..,,..,,..,,39.2,,..,,..,,..,,..,,..,,..,,..,,..,,..,,..,,..,,0.779,,..,,..,,..,,..,,..,,..,,..,,..,,..,,..,,..,,..,,0.835,,..,,..,,..,,..,,..,,..,,..,,..,,..,,..,,..,,..,,0.607,,..,,..,,..,,..,,..,,..,,..,,..,,..,,..,,..,,..,,0.934,,..,,..,,..,,..,,..,,..,,..,,..,,..,,..,,..,,7.9,,7.9,,7.9,,..,,..,,..,,..,,..,,..,,..,,..,,..,,..,,23.7,f,23.7,,23.7,,..,,..,,..,,..,,..,,..,,..,,..,,..,,..,,4.8,,3.9,,4.8,
Italy,..,,..,,..,,..,,36.0,,..,,..,,..,,..,,..,,..,,..,,36.0,,..,,..,,..,,..,,..,,..,,..,,..,,..,,..,,..,,0.779,,..,,..,,..,,..,,..,,..,,..,,..,,..,,..,,..,,..,,0.758,,..,,..,,..,,..,,..,,..,,..,,..,,..,,..,,..,,..,,0.665,,..,,..,,..,,..,,..,,..,,..,,..,,..,,..,,..,,..,,0.938,,..,,..,,..,,..,,..,,..,,..,,..,,..,,..,,..,,11.8,,11.4,,11.8,,..,,..,,..,,..,,..,,..,,..,,..,,..,,..,,19.4,f,16.8,,19.4,,..,,..,,..,,..,,..,,..,,..,,..,,..,,..,,4.3,,3.9,,4.3,
Jamaica,..,,..,,42.2,,..,,..,,..,,..,,..,,..,,..,,..,,..,,45.5,,..,,..,,..,,..,,..,,..,,..,,..,,..,,..,,..,,0.610,,..,,..,,..,,..,,..,,..,,..,,..,,..,,..,,..,,..,,0.704,,..,,..,,..,,..,,..,,..,,..,,..,,..,,..,,..,,..,,0.454,,..,,..,,..,,..,,..,,..,,..,,..,,..,,..,,..,,..,,0.710,,..,,..,,..,,..,,..,,..,,..,,..,,..,,..,,..,,8.3,,8.3,,8.3,,..,,..,,..,,..,,..,,..,,..,,..,,..,,..,,24.1,e,24.1,,24.1,,..,,..,,..,,..,,..,,..,,..,,..,,..,,..,,16.7,,15.3,,16.7,
Japan,..,,..,,..,,..,,..,,..,,..,,..,,..,,..,,..,,..,,..,,..,,..,,..,,..,,..,,..,,..,,..,,..,,..,,..,,..,,..,,..,,..,,..,,..,,..,,..,,..,,..,,..,,..,,..,,..,,..,,..,,..,,..,,..,,..,,..,,..,,..,,..,,..,,..,,..,,..,,..,,..,,..,,..,,..,,..,,..,,..,,..,,..,,..,,0.965,,..,,..,,..,,..,,..,,..,,..,,..,,..,,..,,..,,..,,..,,..,,..,,..,,..,,..,,..,,..,,..,,..,,..,,..,,..,,..,,..,,..,,..,,..,,..,,..,,..,,..,,..,,..,,..,,3.9,,3.5,,3.9,
Jordan,..,,..,,..,,..,,..,,..,,37.7,,..,,..,,..,,..,,..,,37.7,,..,,..,,..,,..,,..,,..,,..,,..,,..,,..,,..,,0.565,,..,,..,,..,,..,,..,,..,,..,,..,,..,,..,,..,,..,,0.551,,..,,..,,..,,..,,..,,..,,..,,..,,..,,..,,..,,..,,0.449,,..,,..,,..,,..,,..,,..,,..,,..,,..,,..,,..,,..,,0.732,,..,,..,,..,,..,,..,,..,,..,,..,,..,,..,,..,,25.1,,22.4,,25.1,,..,,..,,..,,..,,..,,..,,..,,..,,..,,..,,18.7,e,21.1,,18.7,,..,,..,,..,,..,,..,,..,,..,,..,,..,,..,,13.3,,13.1,,13.3,
Kazakhstan,..,,..,,..,,..,,..,,..,,..,,30.9,,..,,..,,..,,..,,30.9,,..,,..,,..,,..,,..,,..,,..,,..,,..,,..,,..,,0.656,,..,,..,,..,,..,,..,,..,,..,,..,,..,,..,,..,,..,,0.790,,..,,..,,..,,..,,..,,..,,..,,..,,..,,..,,..,,..,,0.576,,..,,..,,..,,..,,..,,..,,..,,..,,..,,..,,..,,..,,0.621,,..,,..,,..,,..,,..,,..,,..,,..,,..,,..,,..,,5.3,,5.3,,5.3,,..,,..,,..,,..,,..,,..,,..,,..,,..,,..,,17.6,h,13.8,,17.6,,..,,..,,..,,..,,..,,..,,..,,..,,..,,..,,17.2,,16.2,,17.2,
Kenya,..,,..,,..,,..,,..,,47.7,,..,,..,,..,,..,,..,,..,,47.7,,..,,..,,..,,..,,..,,..,,..,,..,,..,,..,,..,,0.338,,..,,..,,..,,..,,..,,..,,..,,..,,..,,..,,..,,..,,0.403,,..,,..,,..,,..,,..,,..,,..,,..,,..,,..,,..,,..,,0.248,,..,,..,,..,,..,,..,,..,,..,,..,,..,,..,,..,,..,,0.386,,..,,..,,..,,..,,..,,..,,..,,..,,..,,..,,..,,29.2,,30.7,,29.2,,..,,..,,..,,..,,..,,..,,..,,..,,..,,..,,28.8,e,36.0,,28.8,,..,,..,,..,,..,,..,,..,,..,,..,,..,,..,,37.2,,34.1,,37.2,
Kiribati,..,,..,,..,,..,,..,,..,,..,,..,,..,,..,,..,,..,,..,,..,,..,,..,,..,,..,,..,,..,,..,,..,,..,,..,,..,,..,,..,,..,,..,,..,,..,,..,,..,,..,,..,,..,,..,,..,,..,,..,,..,,..,,..,,..,,..,,..,,..,,..,,..,,..,,..,,..,,..,,..,,..,,..,,..,,..,,..,,..,,..,,..,,..,,..,,..,,..,,..,,..,,..,,..,,..,,..,,..,,..,,..,,..,,..,,..,,..,,..,,..,,..,,..,,..,,..,,..,,..,,..,,..,,..,,..,,..,,..,,..,,..,,..,,..,,..,,..,,..,,..,,..,,..,,..,
Korea (Democratic People's Rep. of),..,,..,,..,,..,,..,,..,,..,,..,,..,,..,,..,,..,,..,,..,,..,,..,,..,,..,,..,,..,,..,,..,,..,,..,,..,,..,,..,,..,,..,,..,,..,,..,,..,,..,,..,,..,,..,,..,,..,,..,,..,,..,,..,,..,,..,,..,,..,,..,,..,,..,,..,,..,,..,,..,,..,,..,,..,,..,,..,,..,,..,,..,,..,,0.640,,..,,..,,..,,..,,..,,..,,..,,..,,..,,..,,..,,..,,..,,..,,..,,..,,..,,..,,..,,..,,..,,..,,..,,..,,..,,..,,..,,..,,..,,..,,..,,..,,..,,..,,..,,..,,..,,26.1,,16.9,,26.1,
Korea (Republic of),..,,..,,..,,..,,..,,..,,..,,..,,..,,..,,..,,..,,..,,..,,..,,..,,..,,..,,..,,..,,..,,..,,..,,..,,0.749,,..,,..,,..,,..,,..,,..,,..,,..,,..,,..,,..,,..,,0.696,,..,,..,,..,,..,,..,,..,,..,,..,,..,,..,,..,,..,,0.659,,..,,..,,..,,..,,..,,..,,..,,..,,..,,..,,..,,..,,0.916,,..,,..,,..,,..,,..,,..,,..,,..,,..,,..,,..,,25.5,,25.5,,25.5,,..,,..,,..,,..,,..,,..,,..,,..,,..,,..,,18.4,f,18.4,,18.4,,..,,..,,..,,..,,..,,..,,..,,..,,..,,..,,4.8,,4.3,,4.8,
Kuwait,..,,..,,..,,..,,..,,..,,..,,..,,..,,..,,..,,..,,..,,..,,..,,..,,..,,..,,..,,..,,..,,..,,..,,..,,..,,..,,..,,..,,..,,..,,..,,..,,..,,..,,..,,..,,..,,..,,..,,..,,..,,..,,..,,..,,..,,..,,..,,..,,..,,..,,..,,..,,..,,..,,..,,..,,..,,..,,..,,..,,..,,..,,..,,0.803,,..,,..,,..,,..,,..,,..,,..,,..,,..,,..,,..,,..,,..,,..,,..,,..,,..,,..,,..,,..,,..,,..,,..,,..,,..,,..,,..,,..,,..,,..,,..,,..,,..,,..,,..,,..,,..,,7.3,,6.7,,7.3,
Kyrgyzstan,..,,..,,..,,..,,..,,..,,..,,33.4,,..,,..,,..,,..,,33.4,,..,,..,,..,,..,,..,,..,,..,,..,,..,,..,,..,,0.526,,..,,..,,..,,..,,..,,..,,..,,..,,..,,..,,..,,..,,0.637,,..,,..,,..,,..,,..,,..,,..,,..,,..,,..,,..,,..,,0.379,,..,,..,,..,,..,,..,,..,,..,,..,,..,,..,,..,,..,,0.604,,..,,..,,..,,..,,..,,..,,..,,..,,..,,..,,..,,11.1,,11.1,,11.1,,..,,..,,..,,..,,..,,..,,..,,..,,..,,..,,12.2,e,12.2,,12.2,,..,,..,,..,,..,,..,,..,,..,,..,,..,,..,,21.6,,19.8,,21.6,
Lao People's Democratic Republic,..,,..,,..,,..,,..,,..,,..,,..,,36.7,,..,,..,,..,,36.7,,..,,..,,..,,..,,..,,..,,..,,..,,..,,..,,..,,0.405,,..,,..,,..,,..,,..,,..,,..,,..,,..,,..,,..,,..,,0.300,,..,,..,,..,,..,,..,,..,,..,,..,,..,,..,,..,,..,,0.376,,..,,..,,..,,..,,..,,..,,..,,..,,..,,..,,..,,..,,0.586,,..,,..,,..,,..,,..,,..,,..,,..,,..,,..,,..,,30.5,,30.5,,30.5,,..,,..,,..,,..,,..,,..,,..,,..,,..,,..,,15.5,e,15.5,,15.5,,..,,..,,..,,..,,..,,..,,..,,..,,..,,..,,27.6,,21.7,,27.6,
Latvia,..,,..,,..,,31.0,,..,,..,,..,,..,,35.7,,..,,..,,..,,35.7,,..,,..,,..,,..,,..,,..,,..,,..,,..,,..,,..,,0.717,,..,,..,,..,,..,,..,,..,,..,,..,,..,,..,,..,,..,,0.840,,..,,..,,..,,..,,..,,..,,..,,..,,..,,..,,..,,..,,0.561,,..,,..,,..,,..,,..,,..,,..,,..,,..,,..,,..,,..,,0.782,,..,,..,,..,,..,,..,,..,,..,,..,,..,,..,,..,,3.3,,3.8,,3.3,,..,,..,,..,,..,,..,,..,,..,,..,,..,,..,,20.5,f,21.0,,20.5,,..,,..,,..,,..,,..,,..,,..,,..,,..,,..,,8.5,,7.1,,8.5,
Lebanon,..,,..,,..,,..,,..,,..,,..,,..,,..,,..,,..,,..,,..,,..,,..,,..,,..,,..,,..,,..,,..,,..,,..,,..,,0.570,,..,,..,,..,,..,,..,,..,,..,,..,,..,,..,,..,,..,,0.528,,..,,..,,..,,..,,..,,..,,..,,..,,..,,..,,..,,..,,0.489,,..,,..,,..,,..,,..,,..,,..,,..,,..,,..,,..,,..,,0.718,,..,,..,,..,,..,,..,,..,,..,,..,,..,,..,,..,,..,,24.1,,..,,..,,..,,..,,..,,..,,..,,..,,..,,..,,..,,..,,30.0,,..,,..,,..,,..,,..,,..,,..,,..,,..,,..,,..,,14.5,,13.5,,14.5,
Lesotho,..,,..,,..,,63.2,,..,,..,,..,,..,,..,,..,,..,,..,,52.5,,..,,..,,..,,..,,..,,..,,..,,..,,..,,..,,..,,0.288,,..,,..,,..,,..,,..,,..,,..,,..,,..,,..,,..,,..,,0.384,,..,,..,,..,,..,,..,,..,,..,,..,,..,,..,,..,,..,,0.213,,..,,..,,..,,..,,..,,..,,..,,..,,..,,..,,..,,..,,0.292,,..,,..,,..,,..,,..,,..,,..,,..,,..,,..,,..,,24.9,,24.3,,24.9,,..,,..,,..,,..,,..,,..,,..,,..,,..,,..,,39.5,h,47.0,,39.5,,..,,..,,..,,..,,..,,..,,..,,..,,..,,..,,36.6,,34.3,,36.6,
Liberia,..,,..,,..,,..,,..,,..,,..,,52.6,,..,,..,,..,,..,,52.6,,..,,..,,..,,..,,..,,..,,..,,..,,..,,..,,..,,0.213,,..,,..,,..,,..,,..,,..,,..,,..,,..,,..,,..,,..,,0.235,,..,,..,,..,,..,,..,,..,,..,,..,,..,,..,,..,,..,,0.113,,..,,..,,..,,..,,..,,..,,..,,..,,..,,..,,..,,..,,0.362,,..,,..,,..,,..,,..,,..,,..,,..,,..,,..,,..,,46.4,,46.4,,46.4,,..,,..,,..,,..,,..,,..,,..,,..,,..,,..,,19.0,e,19.0,,19.0,,..,,..,,..,,..,,..,,..,,..,,..,,..,,..,,43.3,,37.6,,43.3,
Libyan Arab Jamahiriya,..,,..,,..,,..,,..,,..,,..,,..,,..,,..,,..,,..,,..,,..,,..,,..,,..,,..,,..,,..,,..,,..,,..,,..,,..,,..,,..,,..,,..,,..,,..,,..,,..,,..,,..,,..,,..,,..,,..,,..,,..,,..,,..,,..,,..,,..,,..,,..,,..,,..,,..,,..,,..,,..,,..,,..,,..,,..,,..,,..,,..,,..,,..,,0.781,,..,,..,,..,,..,,..,,..,,..,,..,,..,,..,,..,,..,,..,,..,,..,,..,,..,,..,,..,,..,,..,,..,,..,,..,,..,,..,,..,,..,,..,,..,,..,,..,,..,,..,,..,,..,,..,,12.1,,9.7,,12.1,
Liechtenstein,..,,..,,..,,..,,..,,..,,..,,..,,..,,..,,..,,..,,..,,..,,..,,..,,..,,..,,..,,..,,..,,..,,..,,..,,..,,..,,..,,..,,..,,..,,..,,..,,..,,..,,..,,..,,..,,..,,..,,..,,..,,..,,..,,..,,..,,..,,..,,..,,..,,..,,..,,..,,..,,..,,..,,..,,..,,..,,..,,..,,..,,..,,..,,..,,..,,..,,..,,..,,..,,..,,..,,..,,..,,..,,..,,..,,..,,..,,..,,..,,..,,..,,..,,..,,..,,..,,..,,..,,..,,..,,..,,..,,..,,..,,..,,..,,..,,..,,..,,..,,..,,..,,..,,..,
Lithuania,..,,..,,..,,..,,..,,..,,..,,..,,37.6,,..,,..,,..,,37.6,,..,,..,,..,,..,,..,,..,,..,,..,,..,,..,,..,,0.730,,..,,..,,..,,..,,..,,..,,..,,..,,..,,..,,..,,..,,0.847,,..,,..,,..,,..,,..,,..,,..,,..,,..,,..,,..,,..,,0.601,,..,,..,,..,,..,,..,,..,,..,,..,,..,,..,,..,,..,,0.765,,..,,..,,..,,..,,..,,..,,..,,..,,..,,..,,..,,4.3,,4.1,,4.3,,..,,..,,..,,..,,..,,..,,..,,..,,..,,..,,20.6,f,17.5,,20.6,,..,,..,,..,,..,,..,,..,,..,,..,,..,,..,,8.8,,7.2,,8.8,
Luxembourg,..,,..,,..,,..,,..,,..,,..,,..,,..,,..,,..,,..,,..,,..,,..,,..,,..,,..,,..,,..,,..,,..,,..,,..,,0.799,,..,,..,,..,,..,,..,,..,,..,,..,,..,,..,,..,,..,,0.724,,..,,..,,..,,..,,..,,..,,..,,..,,..,,..,,..,,..,,0.771,,..,,..,,..,,..,,..,,..,,..,,..,,..,,..,,..,,..,,0.913,,..,,..,,..,,..,,..,,..,,..,,..,,..,,..,,..,,6.2,,6.2,,6.2,,..,,..,,..,,..,,..,,..,,..,,..,,..,,..,,15.7,f,13.5,,15.7,,..,,..,,..,,..,,..,,..,,..,,..,,..,,..,,4.8,,3.5,,4.8,
Madagascar,..,,..,,..,,..,,..,,47.2,,..,,..,,..,,..,,..,,..,,47.2,,..,,..,,..,,..,,..,,..,,..,,..,,..,,..,,..,,0.332,,..,,..,,..,,..,,..,,..,,..,,..,,..,,..,,..,,..,,0.347,,..,,..,,..,,..,,..,,..,,..,,..,,..,,..,,..,,..,,0.193,,..,,..,,..,,..,,..,,..,,..,,..,,..,,..,,..,,..,,0.548,,..,,..,,..,,..,,..,,..,,..,,..,,..,,..,,..,,30.8,,30.1,,30.8,,..,,..,,..,,..,,..,,..,,..,,..,,..,,..,,19.3,e,36.1,,19.3,,..,,..,,..,,..,,..,,..,,..,,..,,..,,..,,36.4,,25.6,,36.4,
Malawi,..,,..,,..,,..,,..,,..,,..,,..,,..,,..,,..,,..,,39.0,,..,,..,,..,,..,,..,,..,,..,,..,,..,,..,,..,,0.272,,..,,..,,..,,..,,..,,..,,..,,..,,..,,..,,..,,..,,0.267,,..,,..,,..,,..,,..,,..,,..,,..,,..,,..,,..,,..,,0.232,,..,,..,,..,,..,,..,,..,,..,,..,,..,,..,,..,,..,,0.324,,..,,..,,..,,..,,..,,..,,..,,..,,..,,..,,..,,34.7,,34.7,,34.7,,..,,..,,..,,..,,..,,..,,..,,..,,..,,..,,19.7,e,19.7,,19.7,,..,,..,,..,,..,,..,,..,,..,,..,,..,,..,,40.3,,39.9,,40.3,
Malaysia,..,,..,,..,,48.5,,..,,..,,..,,..,,..,,46.2,,..,,..,,46.2,,..,,..,,..,,..,,..,,..,,..,,..,,..,,..,,..,,..,,..,,..,,..,,..,,..,,..,,..,,..,,..,,..,,..,,..,,..,,..,,..,,..,,..,,..,,..,,..,,..,,..,,..,,..,,..,,..,,..,,..,,..,,..,,..,,..,,..,,..,,..,,..,,..,,..,,0.798,,..,,..,,..,,..,,..,,..,,..,,..,,..,,..,,..,,..,,..,,..,,..,,..,,..,,..,,..,,..,,..,,..,,..,,..,,28.7,f,0.0,,28.7,,..,,..,,..,,..,,..,,..,,..,,..,,..,,..,,8.0,,6.7,,8.0,
Maldives,..,,..,,..,,..,,..,,..,,..,,..,,..,,..,,..,,..,,37.4,,..,,..,,..,,..,,..,,..,,..,,..,,..,,..,,..,,0.495,,..,,..,,..,,..,,..,,..,,..,,..,,..,,..,,..,,..,,0.334,,..,,..,,..,,..,,..,,..,,..,,..,,..,,..,,..,,..,,0.436,,..,,..,,..,,..,,..,,..,,..,,..,,..,,..,,..,,..,,0.832,,..,,..,,..,,..,,..,,..,,..,,..,,..,,..,,..,,11.5,,41.2,,11.5,,..,,..,,..,,..,,..,,..,,..,,..,,..,,..,,19.5,e,23.2,,19.5,,..,,..,,..,,..,,..,,..,,..,,..,,..,,..,,15.5,,7.3,,15.5,
Mali,..,,..,,..,,..,,..,,..,,39.0,,..,,..,,..,,..,,..,,39.0,,..,,..,,..,,..,,..,,..,,..,,..,,..,,..,,..,,..,,..,,..,,..,,..,,..,,..,,..,,..,,..,,..,,..,,..,,0.170,,..,,..,,..,,..,,..,,..,,..,,..,,..,,..,,..,,..,,..,,..,,..,,..,,..,,..,,..,,..,,..,,..,,..,,..,,..,,0.266,,..,,..,,..,,..,,..,,..,,..,,..,,..,,..,,..,,36.9,,36.9,,36.9,,..,,..,,..,,..,,..,,..,,..,,..,,..,,..,,25.4,e,..,,25.4,,..,,..,,..,,..,,..,,..,,..,,..,,..,,..,,50.1,,46.3,,50.1,
Malta,..,,..,,..,,..,,..,,..,,..,,..,,..,,..,,..,,..,,..,,..,,..,,..,,..,,..,,..,,..,,..,,..,,..,,..,,..,,..,,..,,..,,..,,..,,..,,..,,..,,..,,..,,..,,..,,..,,..,,..,,..,,..,,..,,..,,..,,..,,..,,..,,..,,..,,..,,..,,..,,..,,..,,..,,..,,..,,..,,..,,..,,..,,..,,0.892,,..,,..,,..,,..,,..,,..,,..,,..,,..,,..,,..,,..,,..,,..,,..,,..,,..,,..,,..,,..,,..,,..,,..,,..,,..,,..,,..,,..,,..,,..,,..,,..,,..,,..,,..,,..,,..,,5.6,,5.1,,5.6,
Marshall Islands,..,,..,,..,,..,,..,,..,,..,,..,,..,,..,,..,,..,,..,,..,,..,,..,,..,,..,,..,,..,,..,,..,,..,,..,,..,,..,,..,,..,,..,,..,,..,,..,,..,,..,,..,,..,,..,,..,,..,,..,,..,,..,,..,,..,,..,,..,,..,,..,,..,,..,,..,,..,,..,,..,,..,,..,,..,,..,,..,,..,,..,,..,,..,,..,,..,,..,,..,,..,,..,,..,,..,,..,,..,,..,,..,,8.1,,..,,8.1,,..,,..,,..,,..,,..,,..,,..,,..,,..,,..,,..,,..,,..,,..,,..,,..,,..,,..,,..,,..,,..,,..,,..,,..,,..,,..,
Mauritania,..,,..,,..,,..,,39.0,,..,,..,,..,,..,,..,,..,,..,,39.0,,..,,..,,..,,..,,..,,..,,..,,..,,..,,..,,..,,0.298,,..,,..,,..,,..,,..,,..,,..,,..,,..,,..,,..,,..,,0.208,,..,,..,,..,,..,,..,,..,,..,,..,,..,,..,,..,,..,,0.329,,..,,..,,..,,..,,..,,..,,..,,..,,..,,..,,..,,..,,0.389,,..,,..,,..,,..,,..,,..,,..,,..,,..,,..,,..,,43.2,,43.2,,43.2,,..,,..,,..,,..,,..,,..,,..,,..,,..,,..,,21.5,e,21.5,,21.5,,..,,..,,..,,..,,..,,..,,..,,..,,..,,..,,38.9,,36.2,,38.9,
Mauritius,..,,..,,..,,..,,..,,..,,..,,..,,..,,..,,..,,..,,..,,..,,..,,..,,..,,..,,..,,..,,..,,..,,..,,..,,0.631,,..,,..,,..,,..,,..,,..,,..,,..,,..,,..,,..,,..,,0.570,,..,,..,,..,,..,,..,,..,,..,,..,,..,,..,,..,,..,,0.581,,..,,..,,..,,..,,..,,..,,..,,..,,..,,..,,..,,..,,0.760,,..,,..,,..,,..,,..,,..,,..,,..,,..,,..,,..,,..,,13.5,,..,,..,,..,,..,,..,,..,,..,,..,,..,,..,,..,,..,,16.6,,..,,..,,..,,..,,..,,..,,..,,..,,..,,..,,..,,11.4,,9.8,,11.4,
Mexico,..,,..,,..,,..,,..,,..,,..,,..,,51.7,,..,,..,,..,,51.7,,..,,..,,..,,..,,..,,..,,..,,..,,..,,..,,..,,0.589,,..,,..,,..,,..,,..,,..,,..,,..,,..,,..,,..,,..,,0.567,,..,,..,,..,,..,,..,,..,,..,,..,,..,,..,,..,,..,,0.451,,..,,..,,..,,..,,..,,..,,..,,..,,..,,..,,..,,..,,0.801,,..,,..,,..,,..,,..,,..,,..,,..,,..,,..,,..,,17.9,,21.9,,17.9,,..,,..,,..,,..,,..,,..,,..,,..,,..,,..,,31.6,f,35.6,,31.6,,..,,..,,..,,..,,..,,..,,..,,..,,..,,..,,12.3,,10.9,,12.3,
Micronesia (Federated States of),..,,..,,..,,..,,..,,..,,..,,..,,..,,..,,..,,..,,..,,..,,..,,..,,..,,..,,..,,..,,..,,..,,..,,..,,0.390,,..,,..,,..,,..,,..,,..,,..,,..,,..,,..,,..,,..,,0.534,,..,,..,,..,,..,,..,,..,,..,,..,,..,,..,,..,,..,,0.179,,..,,..,,..,,..,,..,,..,,..,,..,,..,,..,,..,,..,,0.624,,..,,..,,..,,..,,..,,..,,..,,..,,..,,..,,..,,22.4,,22.4,,22.4,,..,,..,,..,,..,,..,,..,,..,,..,,..,,..,,63.1,f,63.1,,63.1,,..,,..,,..,,..,,..,,..,,..,,..,,..,,..,,20.5,,19.2,,20.5,
Moldova (Republic of),..,,..,,..,,..,,..,,..,,..,,..,,38.0,,..,,..,,..,,38.0,,..,,..,,..,,..,,..,,..,,..,,..,,..,,..,,..,,0.569,,..,,..,,..,,..,,..,,..,,..,,..,,..,,..,,..,,..,,0.673,,..,,..,,..,,..,,..,,..,,..,,..,,..,,..,,..,,..,,0.397,,..,,..,,..,,..,,..,,..,,..,,..,,..,,..,,..,,..,,0.691,,..,,..,,..,,..,,..,,..,,..,,..,,..,,..,,..,,7.5,,6.1,,7.5,,..,,..,,..,,..,,..,,..,,..,,..,,..,,..,,19.4,e,18.9,,19.4,,..,,..,,..,,..,,..,,..,,..,,..,,..,,..,,13.1,,11.2,,13.1,
Monaco,..,,..,,..,,..,,..,,..,,..,,..,,..,,..,,..,,..,,..,,..,,..,,..,,..,,..,,..,,..,,..,,..,,..,,..,,..,,..,,..,,..,,..,,..,,..,,..,,..,,..,,..,,..,,..,,..,,..,,..,,..,,..,,..,,..,,..,,..,,..,,..,,..,,..,,..,,..,,..,,..,,..,,..,,..,,..,,..,,..,,..,,..,,..,,..,,..,,..,,..,,..,,..,,..,,..,,..,,..,,..,,..,,..,,..,,..,,..,,..,,..,,..,,..,,..,,..,,..,,..,,..,,..,,..,,..,,..,,..,,..,,..,,..,,..,,..,,..,,..,,..,,..,,..,,..,
Mongolia,..,,..,,..,,33.2,,..,,..,,..,,..,,36.5,,..,,..,,..,,36.5,,..,,..,,..,,..,,..,,..,,..,,..,,..,,..,,..,,0.563,,..,,..,,..,,..,,..,,..,,..,,..,,..,,..,,..,,..,,0.680,,..,,..,,..,,..,,..,,..,,..,,..,,..,,..,,..,,..,,0.422,,..,,..,,..,,..,,..,,..,,..,,..,,..,,..,,..,,..,,0.622,,..,,..,,..,,..,,..,,..,,..,,..,,..,,..,,..,,5.8,,5.8,,5.8,,..,,..,,..,,..,,..,,..,,..,,..,,..,,..,,16.4,e,16.4,,16.4,,..,,..,,..,,..,,..,,..,,..,,..,,..,,..,,22.6,,18.8,,22.6,
Montenegro,..,,..,,..,,..,,..,,..,,..,,..,,30.0,,..,,..,,..,,30.0,,..,,..,,..,,..,,..,,..,,..,,..,,..,,..,,..,,0.718,,..,,..,,..,,..,,..,,..,,..,,..,,..,,..,,..,,..,,0.782,,..,,..,,..,,..,,..,,..,,..,,..,,..,,..,,..,,..,,0.589,,..,,..,,..,,..,,..,,..,,..,,..,,..,,..,,..,,..,,0.803,,..,,..,,..,,..,,..,,..,,..,,..,,..,,..,,..,,9.6,,2.5,,9.6,,..,,..,,..,,..,,..,,..,,..,,..,,..,,..,,12.6,h,11.3,,12.6,,..,,..,,..,,..,,..,,..,,..,,..,,..,,..,,7.3,,6.8,,7.3,
Morocco,..,,39.2,,..,,..,,..,,..,,..,,40.9,,..,,..,,..,,..,,40.9,,..,,..,,..,,..,,..,,..,,..,,..,,..,,..,,..,,0.409,,..,,..,,..,,..,,..,,..,,..,,..,,..,,..,,..,,..,,0.242,,..,,..,,..,,..,,..,,..,,..,,..,,..,,..,,..,,..,,0.412,,..,,..,,..,,..,,..,,..,,..,,..,,..,,..,,..,,..,,0.685,,..,,..,,..,,..,,..,,..,,..,,..,,..,,..,,..,,42.7,,45.8,,42.7,,..,,..,,..,,..,,..,,..,,..,,..,,..,,..,,20.7,e,23.0,,20.7,,..,,..,,..,,..,,..,,..,,..,,..,,..,,..,,18.3,,16.7,,18.3,
Mozambique,..,,..,,..,,..,,..,,..,,..,,..,,45.6,,..,,..,,..,,45.6,,..,,..,,..,,..,,..,,..,,..,,..,,..,,..,,..,,0.229,,..,,..,,..,,..,,..,,..,,..,,..,,..,,..,,..,,..,,0.181,,..,,..,,..,,..,,..,,..,,..,,..,,..,,..,,..,,..,,0.233,,..,,..,,..,,..,,..,,..,,..,,..,,..,,..,,..,,..,,0.282,,..,,..,,..,,..,,..,,..,,..,,..,,..,,..,,..,,28.2,,18.2,,28.2,,..,,..,,..,,..,,..,,..,,..,,..,,..,,..,,58.1,e,25.8,,58.1,,..,,..,,..,,..,,..,,..,,..,,..,,..,,..,,45.7,,40.8,,45.7,
Myanmar,..,,..,,..,,..,,..,,..,,..,,..,,..,,..,,..,,..,,..,,..,,..,,..,,..,,..,,..,,..,,..,,..,,..,,..,,..,,..,,..,,..,,..,,..,,..,,..,,..,,..,,..,,..,,..,,..,,..,,..,,..,,..,,..,,..,,..,,..,,..,,..,,..,,..,,..,,..,,..,,..,,..,,..,,..,,..,,..,,..,,..,,..,,..,,0.533,,..,,..,,..,,..,,..,,..,,..,,..,,..,,..,,..,,..,,..,,..,,..,,..,,..,,..,,..,,..,,..,,..,,..,,..,,..,,..,,..,,..,,..,,..,,..,,..,,..,,..,,..,,..,,..,,38.2,,25.3,,38.2,
Namibia,..,,..,,..,,..,,..,,..,,..,,..,,..,,..,,..,,..,,..,,..,,..,,..,,..,,..,,..,,..,,..,,..,,..,,..,,0.353,,..,,..,,..,,..,,..,,..,,..,,..,,..,,..,,..,,..,,0.445,,..,,..,,..,,..,,..,,..,,..,,..,,..,,..,,..,,..,,0.187,,..,,..,,..,,..,,..,,..,,..,,..,,..,,..,,..,,..,,0.528,,..,,..,,..,,..,,..,,..,,..,,..,,..,,..,,..,,27.8,,27.8,,27.8,,..,,..,,..,,..,,..,,..,,..,,..,,..,,..,,68.3,h,68.3,,68.3,,..,,..,,..,,..,,..,,..,,..,,..,,..,,..,,24.5,,21.1,,24.5,
Nauru,..,,..,,..,,..,,..,,..,,..,,..,,..,,..,,..,,..,,..,,..,,..,,..,,..,,..,,..,,..,,..,,..,,..,,..,,..,,..,,..,,..,,..,,..,,..,,..,,..,,..,,..,,..,,..,,..,,..,,..,,..,,..,,..,,..,,..,,..,,..,,..,,..,,..,,..,,..,,..,,..,,..,,..,,..,,..,,..,,..,,..,,..,,..,,..,,..,,..,,..,,..,,..,,..,,..,,..,,..,,..,,..,,..,,..,,..,,..,,..,,..,,..,,..,,..,,..,,..,,..,,..,,..,,..,,..,,..,,..,,..,,..,,..,,..,,..,,..,,..,,..,,..,,..,,..,
Nepal,..,,..,,..,,..,,..,,..,,..,,..,,..,,..,,..,,..,,47.3,,..,,..,,..,,..,,..,,..,,..,,..,,..,,..,,..,,0.301,,..,,..,,..,,..,,..,,..,,..,,..,,..,,..,,..,,..,,0.201,,..,,..,,..,,..,,..,,..,,..,,..,,..,,..,,..,,..,,0.220,,..,,..,,..,,..,,..,,..,,..,,..,,..,,..,,..,,..,,0.620,,..,,..,,..,,..,,..,,..,,..,,..,,..,,..,,..,,43.3,,43.6,,43.3,,..,,..,,..,,..,,..,,..,,..,,..,,..,,..,,26.4,e,37.4,,26.4,,..,,..,,..,,..,,..,,..,,..,,..,,..,,..,,24.3,,19.5,,24.3,
Netherlands,..,,..,,..,,..,,..,,..,,..,,..,,..,,..,,..,,..,,..,,..,,..,,..,,..,,..,,..,,..,,..,,..,,..,,..,,0.846,,..,,..,,..,,..,,..,,..,,..,,..,,..,,..,,..,,..,,0.895,,..,,..,,..,,..,,..,,..,,..,,..,,..,,..,,..,,..,,0.739,,..,,..,,..,,..,,..,,..,,..,,..,,..,,..,,..,,..,,0.917,,..,,..,,..,,..,,..,,..,,..,,..,,..,,..,,..,,4.0,,3.9,,4.0,,..,,..,,..,,..,,..,,..,,..,,..,,..,,..,,15.3,f,12.5,,15.3,,..,,..,,..,,..,,..,,..,,..,,..,,..,,..,,4.6,,4.3,,4.6,
New Zealand,..,,..,,..,,..,,..,,..,,..,,..,,..,,..,,..,,..,,..,,..,,..,,..,,..,,..,,..,,..,,..,,..,,..,,..,,..,,..,,..,,..,,..,,..,,..,,..,,..,,..,,..,,..,,..,,..,,..,,..,,..,,..,,..,,..,,..,,..,,..,,..,,..,,..,,..,,..,,..,,..,,..,,..,,..,,..,,..,,..,,..,,..,,..,,0.907,,..,,..,,..,,..,,..,,..,,..,,..,,..,,..,,..,,..,,..,,..,,..,,..,,..,,..,,..,,..,,..,,..,,..,,..,,..,,..,,..,,..,,..,,..,,..,,..,,..,,..,,..,,..,,..,,5.0,,5.2,,5.0,
Nicaragua,..,,..,,..,,..,,..,,52.3,,..,,..,,..,,..,,..,,..,,52.3,,..,,..,,..,,..,,..,,..,,..,,..,,..,,..,,..,,0.427,,..,,..,,..,,..,,..,,..,,..,,..,,..,,..,,..,,..,,0.350,,..,,..,,..,,..,,..,,..,,..,,..,,..,,..,,..,,..,,0.303,,..,,..,,..,,..,,..,,..,,..,,..,,..,,..,,..,,..,,0.734,,..,,..,,..,,..,,..,,..,,..,,..,,..,,..,,..,,33.3,,33.3,,33.3,,..,,..,,..,,..,,..,,..,,..,,..,,..,,..,,23.8,e,33.6,,23.8,,..,,..,,..,,..,,..,,..,,..,,..,,..,,..,,15.6,,13.9,,15.6,
Niger,..,,..,,..,,..,,..,,..,,..,,34.0,,..,,..,,..,,..,,34.0,,..,,..,,..,,..,,..,,..,,..,,..,,..,,..,,..,,0.195,,..,,..,,..,,..,,..,,..,,..,,..,,..,,..,,..,,..,,0.107,,..,,..,,..,,..,,..,,..,,..,,..,,..,,..,,..,,..,,0.218,,..,,..,,..,,..,,..,,..,,..,,..,,..,,..,,..,,..,,0.314,,..,,..,,..,,..,,..,,..,,..,,..,,..,,..,,..,,31.3,,39.5,,31.3,,..,,..,,..,,..,,..,,..,,..,,..,,..,,..,,21.1,h,17.9,,21.1,,..,,..,,..,,..,,..,,..,,..,,..,,..,,..,,46.8,,42.6,,46.8,
Nigeria,..,,..,,..,,..,,..,,..,,..,,..,,..,,..,,..,,..,,42.9,,..,,..,,..,,..,,..,,..,,..,,..,,..,,..,,..,,0.278,,..,,..,,..,,..,,..,,..,,..,,..,,..,,..,,..,,..,,0.247,,..,,..,,..,,..,,..,,..,,..,,..,,..,,..,,..,,..,,0.309,,..,,..,,..,,..,,..,,..,,..,,..,,..,,..,,..,,..,,0.283,,..,,..,,..,,..,,..,,..,,..,,..,,..,,..,,..,,46.0,,44.2,,46.0,,..,,..,,..,,..,,..,,..,,..,,..,,..,,..,,25.1,e,28.8,,25.1,,..,,..,,..,,..,,..,,..,,..,,..,,..,,..,,51.1,,43.8,,51.1,
Norway,..,,..,,..,,..,,25.8,,..,,..,,..,,..,,..,,..,,..,,25.8,,..,,..,,..,,..,,..,,..,,..,,..,,..,,..,,..,,0.890,,..,,..,,..,,..,,..,,..,,..,,..,,..,,..,,..,,..,,0.964,,..,,..,,..,,..,,..,,..,,..,,..,,..,,..,,..,,..,,0.789,,..,,..,,..,,..,,..,,..,,..,,..,,..,,..,,..,,..,,0.928,,..,,..,,..,,..,,..,,..,,..,,..,,..,,..,,..,,2.4,,2.2,,2.4,,..,,..,,..,,..,,..,,..,,..,,..,,..,,..,,13.1,f,10.6,,13.1,,..,,..,,..,,..,,..,,..,,..,,..,,..,,..,,4.0,,3.7,,4.0,
Occupied Palestinian Territory,..,,..,,..,,..,,..,,..,,..,,..,,..,,..,,..,,..,,..,,..,,..,,..,,..,,..,,..,,..,,..,,..,,..,,..,,..,,..,,..,,..,,..,,..,,..,,..,,..,,..,,..,,..,,..,,..,,..,,..,,..,,..,,..,,..,,..,,..,,..,,..,,..,,..,,..,,..,,..,,..,,..,,..,,..,,..,,..,,..,,..,,..,,..,,0.725,,..,,..,,..,,..,,..,,..,,..,,..,,..,,..,,..,,..,,..,,..,,..,,..,,..,,..,,..,,..,,..,,..,,..,,..,,..,,..,,..,,..,,..,,..,,..,,..,,..,,..,,..,,..,,..,,12.0,,13.1,,12.0,
Oman,..,,..,,..,,..,,..,,..,,..,,..,,..,,..,,..,,..,,..,,..,,..,,..,,..,,..,,..,,..,,..,,..,,..,,..,,..,,..,,..,,..,,..,,..,,..,,..,,..,,..,,..,,..,,..,,..,,..,,..,,..,,..,,..,,..,,..,,..,,..,,..,,..,,..,,..,,..,,..,,..,,..,,..,,..,,..,,..,,..,,..,,..,,..,,0.776,,..,,..,,..,,..,,..,,..,,..,,..,,..,,..,,..,,..,,..,,..,,..,,..,,..,,..,,..,,..,,..,,..,,..,,..,,..,,..,,..,,..,,..,,..,,..,,..,,..,,..,,..,,..,,..,,9.0,,7.2,,9.0,
Pakistan,..,,..,,..,,..,,..,,..,,32.7,,..,,..,,..,,..,,..,,32.7,,..,,..,,..,,..,,..,,..,,..,,..,,..,,..,,..,,0.346,,..,,..,,..,,..,,..,,..,,..,,..,,..,,..,,..,,..,,0.207,,..,,..,,..,,..,,..,,..,,..,,..,,..,,..,,..,,..,,0.413,,..,,..,,..,,..,,..,,..,,..,,..,,..,,..,,..,,..,,0.485,,..,,..,,..,,..,,..,,..,,..,,..,,..,,..,,..,,46.4,,46.4,,46.4,,..,,..,,..,,..,,..,,..,,..,,..,,..,,..,,10.6,e,11.0,,10.6,,..,,..,,..,,..,,..,,..,,..,,..,,..,,..,,32.9,,32.3,,32.9,
Palau,..,,..,,..,,..,,..,,..,,..,,..,,..,,..,,..,,..,,..,,..,,..,,..,,..,,..,,..,,..,,..,,..,,..,,..,,..,,..,,..,,..,,..,,..,,..,,..,,..,,..,,..,,..,,..,,..,,..,,..,,..,,..,,..,,..,,..,,..,,..,,..,,..,,..,,..,,..,,..,,..,,..,,..,,..,,..,,..,,..,,..,,..,,..,,..,,..,,..,,..,,..,,..,,..,,..,,..,,..,,..,,..,,11.2,,..,,11.2,,..,,..,,..,,..,,..,,..,,..,,..,,..,,..,,..,,..,,..,,..,,..,,..,,..,,..,,..,,..,,..,,..,,..,,..,,..,,..,
Panama,..,,..,,..,,57.1,,..,,..,,..,,..,,..,,52.3,,..,,..,,52.3,,..,,..,,..,,..,,..,,..,,..,,..,,..,,..,,..,,0.579,,..,,..,,..,,..,,..,,..,,..,,..,,..,,..,,..,,..,,0.611,,..,,..,,..,,..,,..,,..,,..,,..,,..,,..,,..,,..,,0.410,,..,,..,,..,,..,,..,,..,,..,,..,,..,,..,,..,,..,,0.776,,..,,..,,..,,..,,..,,..,,..,,..,,..,,..,,..,,9.9,,17.8,,9.9,,..,,..,,..,,..,,..,,..,,..,,..,,..,,..,,52.6,f,40.5,,52.6,,..,,..,,..,,..,,..,,..,,..,,..,,..,,..,,13.6,,12.4,,13.6,
Papua New Guinea,..,,..,,..,,..,,..,,..,,..,,..,,..,,..,,..,,..,,..,,..,,..,,..,,..,,..,,..,,..,,..,,..,,..,,..,,..,,..,,..,,..,,..,,..,,..,,..,,..,,..,,..,,..,,..,,..,,..,,..,,..,,..,,..,,..,,..,,..,,..,,..,,..,,..,,..,,..,,..,,..,,..,,..,,..,,..,,..,,..,,..,,..,,..,,0.505,,..,,..,,..,,..,,..,,..,,..,,..,,..,,..,,..,,..,,..,,..,,..,,..,,..,,..,,..,,..,,..,,..,,..,,..,,..,,..,,..,,..,,..,,..,,..,,..,,..,,..,,..,,..,,..,,28.5,,25.2,,28.5,
Paraguay,..,,..,,39.7,,59.1,,..,,..,,..,,..,,52.0,,..,,..,,..,,52.0,,..,,..,,..,,..,,..,,..,,..,,..,,..,,..,,..,,0.505,,..,,..,,..,,..,,..,,..,,..,,..,,..,,..,,..,,..,,0.515,,..,,..,,..,,..,,..,,..,,..,,..,,..,,..,,..,,..,,0.368,,..,,..,,..,,..,,..,,..,,..,,..,,..,,..,,..,,..,,0.680,,..,,..,,..,,..,,..,,..,,..,,..,,..,,..,,..,,19.8,,19.8,,19.8,,..,,..,,..,,..,,..,,..,,..,,..,,..,,..,,33.4,f,33.4,,33.4,,..,,..,,..,,..,,..,,..,,..,,..,,..,,..,,19.9,,17.8,,19.9,
Peru,..,,..,,43.9,,..,,..,,..,,..,,..,,..,,48.0,,..,,..,,48.0,,..,,..,,..,,..,,..,,..,,..,,..,,..,,..,,..,,0.557,,..,,..,,..,,..,,..,,..,,..,,..,,..,,..,,..,,..,,0.535,,..,,..,,..,,..,,..,,..,,..,,..,,..,,..,,..,,..,,0.444,,..,,..,,..,,..,,..,,..,,..,,..,,..,,..,,..,,..,,0.726,,..,,..,,..,,..,,..,,..,,..,,..,,..,,..,,..,,30.2,,24.0,,30.2,,..,,..,,..,,..,,..,,..,,..,,..,,..,,..,,42.7,e,30.0,,42.7,,..,,..,,..,,..,,..,,..,,..,,..,,..,,..,,16.5,,14.8,,16.5,
Philippines,..,,41.0,,..,,..,,..,,..,,44.0,,..,,..,,..,,..,,..,,44.0,,..,,..,,..,,..,,..,,..,,..,,..,,..,,..,,..,,0.516,,..,,..,,..,,..,,..,,..,,..,,..,,..,,..,,..,,..,,0.592,,..,,..,,..,,..,,..,,..,,..,,..,,..,,..,,..,,..,,0.356,,..,,..,,..,,..,,..,,..,,..,,..,,..,,..,,..,,..,,0.652,,..,,..,,..,,..,,..,,..,,..,,..,,..,,..,,..,,12.9,,13.5,,12.9,,..,,..,,..,,..,,..,,..,,..,,..,,..,,..,,28.0,e,30.0,,28.0,,..,,..,,..,,..,,..,,..,,..,,..,,..,,..,,15.0,,15.2,,15.0,
Poland,..,,25.2,,..,,..,,..,,..,,..,,..,,34.2,,..,,..,,..,,34.2,,..,,..,,..,,..,,..,,..,,..,,..,,..,,..,,..,,0.734,,..,,..,,..,,..,,..,,..,,..,,..,,..,,..,,..,,..,,0.768,,..,,..,,..,,..,,..,,..,,..,,..,,..,,..,,..,,..,,0.619,,..,,..,,..,,..,,..,,..,,..,,..,,..,,..,,..,,..,,0.834,,..,,..,,..,,..,,..,,..,,..,,..,,..,,..,,..,,7.1,,6.6,,7.1,,..,,..,,..,,..,,..,,..,,..,,..,,..,,..,,18.4,f,16.3,,18.4,,..,,..,,..,,..,,..,,..,,..,,..,,..,,..,,6.4,,5.8,,6.4,
Portugal,..,,..,,..,,..,,..,,..,,..,,..,,..,,..,,..,,..,,..,,..,,..,,..,,..,,..,,..,,..,,..,,..,,..,,..,,0.726,,..,,..,,..,,..,,..,,..,,..,,..,,..,,..,,..,,..,,0.697,,..,,..,,..,,..,,..,,..,,..,,..,,..,,..,,..,,..,,0.616,,..,,..,,..,,..,,..,,..,,..,,..,,..,,..,,..,,..,,0.893,,..,,..,,..,,..,,..,,..,,..,,..,,..,,..,,..,,5.7,,5.6,,5.7,,..,,..,,..,,..,,..,,..,,..,,..,,..,,..,,23.9,f,19.3,,23.9,,..,,..,,..,,..,,..,,..,,..,,..,,..,,..,,4.8,,4.9,,4.8,
Qatar,..,,..,,..,,..,,..,,..,,..,,41.1,,..,,..,,..,,..,,41.1,,..,,..,,..,,..,,..,,..,,..,,..,,..,,..,,..,,..,,..,,..,,..,,..,,..,,..,,..,,..,,..,,..,,..,,..,,..,,..,,..,,..,,..,,..,,..,,..,,..,,..,,..,,..,,..,,..,,..,,..,,..,,..,,..,,..,,..,,..,,..,,..,,..,,..,,0.854,,..,,..,,..,,..,,..,,..,,..,,..,,..,,..,,..,,..,,..,,..,,..,,..,,..,,..,,..,,..,,..,,..,,..,,..,,..,,..,,..,,..,,..,,..,,..,,..,,..,,..,,..,,..,,..,,7.4,,7.2,,7.4,
Romania,..,,..,,..,,..,,..,,..,,..,,..,,31.2,,..,,..,,..,,31.2,,..,,..,,..,,..,,..,,..,,..,,..,,..,,..,,..,,0.683,,..,,..,,..,,..,,..,,..,,..,,..,,..,,..,,..,,..,,0.789,,..,,..,,..,,..,,..,,..,,..,,..,,..,,..,,..,,..,,0.524,,..,,..,,..,,..,,..,,..,,..,,..,,..,,..,,..,,..,,0.770,,..,,..,,..,,..,,..,,..,,..,,..,,..,,..,,..,,13.1,,5.0,,13.1,,..,,..,,..,,..,,..,,..,,..,,..,,..,,..,,12.2,e,22.2,,12.2,,..,,..,,..,,..,,..,,..,,..,,..,,..,,..,,10.9,,9.6,,10.9,
Russian Federation,..,,..,,..,,..,,..,,..,,..,,..,,42.3,,..,,..,,..,,42.3,,..,,..,,..,,..,,..,,..,,..,,..,,..,,..,,..,,0.670,,..,,..,,..,,..,,..,,..,,..,,..,,..,,..,,..,,..,,0.696,,..,,..,,..,,..,,..,,..,,..,,..,,..,,..,,..,,..,,0.628,,..,,..,,..,,..,,..,,..,,..,,..,,..,,..,,..,,..,,0.687,,..,,..,,..,,..,,..,,..,,..,,..,,..,,..,,..,,11.2,,11.2,,11.2,,..,,..,,..,,..,,..,,..,,..,,..,,..,,..,,11.9,e,11.9,,11.9,,..,,..,,..,,..,,..,,..,,..,,..,,..,,..,,11.5,,10.8,,11.5,
Rwanda,..,,28.9,,..,,..,,..,,53.1,,..,,..,,..,,..,,..,,..,,53.1,,..,,..,,..,,..,,..,,..,,..,,..,,..,,..,,..,,0.276,,..,,..,,..,,..,,..,,..,,..,,..,,..,,..,,..,,..,,0.282,,..,,..,,..,,..,,..,,..,,..,,..,,..,,..,,..,,..,,0.228,,..,,..,,..,,..,,..,,..,,..,,..,,..,,..,,..,,..,,0.328,,..,,..,,..,,..,,..,,..,,..,,..,,..,,..,,..,,30.7,,30.7,,30.7,,..,,..,,..,,..,,..,,..,,..,,..,,..,,..,,31.5,e,34.5,,31.5,,..,,..,,..,,..,,..,,..,,..,,..,,..,,..,,47.4,,41.3,,47.4,
Saint Kitts and Nevis,..,,..,,..,,..,,..,,..,,..,,..,,..,,..,,..,,..,,..,,..,,..,,..,,..,,..,,..,,..,,..,,..,,..,,..,,..,,..,,..,,..,,..,,..,,..,,..,,..,,..,,..,,..,,..,,..,,..,,..,,..,,..,,..,,..,,..,,..,,..,,..,,..,,..,,..,,..,,..,,..,,..,,..,,..,,..,,..,,..,,..,,..,,..,,..,,..,,..,,..,,..,,..,,..,,..,,..,,..,,..,,..,,..,,..,,..,,..,,..,,..,,..,,..,,..,,..,,..,,..,,..,,..,,..,,..,,..,,..,,..,,..,,..,,..,,..,,..,,..,,..,,..,,..,,..,
Saint Lucia,..,,..,,..,,42.6,,..,,..,,..,,..,,..,,..,,..,,..,,42.6,,..,,..,,..,,..,,..,,..,,..,,..,,..,,..,,..,,..,,..,,..,,..,,..,,..,,..,,..,,..,,..,,..,,..,,..,,..,,..,,..,,..,,..,,..,,..,,..,,..,,..,,..,,..,,..,,..,,..,,..,,..,,..,,..,,..,,..,,..,,..,,..,,..,,..,,0.773,,..,,..,,..,,..,,..,,..,,..,,..,,..,,..,,..,,..,,..,,..,,..,,..,,..,,..,,..,,..,,..,,..,,..,,..,,..,,..,,..,,..,,..,,..,,..,,..,,..,,..,,..,,..,,..,,10.3,,10.4,,10.3,
Saint Vincent and the Grenadines,..,,..,,..,,..,,..,,..,,..,,..,,..,,..,,..,,..,,..,,..,,..,,..,,..,,..,,..,,..,,..,,..,,..,,..,,..,,..,,..,,..,,..,,..,,..,,..,,..,,..,,..,,..,,..,,..,,..,,..,,..,,..,,..,,..,,..,,..,,..,,..,,..,,..,,..,,..,,..,,..,,..,,..,,..,,..,,..,,..,,..,,..,,..,,0.710,,..,,..,,..,,..,,..,,..,,..,,..,,..,,..,,..,,..,,..,,..,,..,,..,,..,,..,,..,,..,,..,,..,,..,,..,,..,,..,,..,,..,,..,,..,,..,,..,,..,,..,,..,,..,,..,,15.1,,14.0,,15.1,
Samoa,..,,..,,..,,..,,..,,..,,..,,..,,..,,..,,..,,..,,..,,..,,..,,..,,..,,..,,..,,..,,..,,..,,..,,..,,..,,..,,..,,..,,..,,..,,..,,..,,..,,..,,..,,..,,..,,..,,..,,..,,..,,..,,..,,..,,..,,..,,..,,..,,..,,..,,..,,..,,..,,..,,..,,..,,..,,..,,..,,..,,..,,..,,..,,0.717,,..,,..,,..,,..,,..,,..,,..,,..,,..,,..,,..,,..,,..,,..,,..,,..,,..,,..,,..,,..,,..,,..,,..,,..,,..,,..,,..,,..,,..,,..,,..,,..,,..,,..,,..,,..,,..,,14.8,,13.4,,14.8,
San Marino,..,,..,,..,,..,,..,,..,,..,,..,,..,,..,,..,,..,,..,,..,,..,,..,,..,,..,,..,,..,,..,,..,,..,,..,,..,,..,,..,,..,,..,,..,,..,,..,,..,,..,,..,,..,,..,,..,,..,,..,,..,,..,,..,,..,,..,,..,,..,,..,,..,,..,,..,,..,,..,,..,,..,,..,,..,,..,,..,,..,,..,,..,,..,,..,,..,,..,,..,,..,,..,,..,,..,,..,,..,,..,,..,,..,,..,,..,,..,,..,,..,,..,,..,,..,,..,,..,,..,,..,,..,,..,,..,,..,,..,,..,,..,,..,,..,,..,,..,,..,,..,,..,,..,,..,
Sao Tome and Principe,..,,..,,..,,..,,50.8,,..,,..,,..,,..,,..,,..,,..,,50.8,,..,,..,,..,,..,,..,,..,,..,,..,,..,,..,,..,,0.348,,..,,..,,..,,..,,..,,..,,..,,..,,..,,..,,..,,..,,0.365,,..,,..,,..,,..,,..,,..,,..,,..,,..,,..,,..,,..,,0.231,,..,,..,,..,,..,,..,,..,,..,,..,,..,,..,,..,,..,,0.502,,..,,..,,..,,..,,..,,..,,..,,..,,..,,..,,..,,22.7,,19.1,,22.7,,..,,..,,..,,..,,..,,..,,..,,..,,..,,..,,..,,44.2,,..,,..,,..,,..,,..,,..,,..,,..,,..,,..,,..,,34.4,,28.8,,34.4,
Saudi Arabia,..,,..,,..,,..,,..,,..,,..,,..,,..,,..,,..,,..,,..,,..,,..,,..,,..,,..,,..,,..,,..,,..,,..,,..,,..,,..,,..,,..,,..,,..,,..,,..,,..,,..,,..,,..,,..,,..,,..,,..,,..,,..,,..,,..,,..,,..,,..,,..,,..,,..,,..,,..,,..,,..,,..,,..,,..,,..,,..,,..,,..,,..,,..,,0.753,,..,,..,,..,,..,,..,,..,,..,,..,,..,,..,,..,,..,,..,,..,,..,,..,,..,,..,,..,,..,,..,,..,,..,,..,,..,,..,,..,,..,,..,,..,,..,,..,,..,,..,,..,,..,,..,,12.7,,11.5,,12.7,
Senegal,..,,..,,..,,41.4,,..,,39.2,,..,,..,,..,,..,,..,,..,,39.2,,..,,..,,..,,..,,..,,..,,..,,..,,..,,..,,..,,0.304,,..,,..,,..,,..,,..,,..,,..,,..,,..,,..,,..,,..,,0.211,,..,,..,,..,,..,,..,,..,,..,,..,,..,,..,,..,,..,,0.309,,..,,..,,..,,..,,..,,..,,..,,..,,..,,..,,..,,..,,0.430,,..,,..,,..,,..,,..,,..,,..,,..,,..,,..,,..,,47.3,,45.1,,47.3,,..,,..,,..,,..,,..,,..,,..,,..,,..,,..,,21.1,e,23.9,,21.1,,..,,..,,..,,..,,..,,..,,..,,..,,..,,..,,37.4,,30.7,,37.4,
Serbia,..,,..,,..,,..,,..,,..,,..,,..,,28.2,,..,,..,,..,,28.2,,..,,..,,..,,..,,..,,..,,..,,..,,..,,..,,..,,0.694,,..,,..,,..,,..,,..,,..,,..,,..,,..,,..,,..,,..,,0.712,,..,,..,,..,,..,,..,,..,,..,,..,,..,,..,,..,,..,,0.595,,..,,..,,..,,..,,..,,..,,..,,..,,..,,..,,..,,..,,0.788,,..,,..,,..,,..,,..,,..,,..,,..,,..,,..,,..,,11.1,,9.9,,11.1,,..,,..,,..,,..,,..,,..,,..,,..,,..,,..,,12.2,h,10.3,,12.2,,..,,..,,..,,..,,..,,..,,..,,..,,..,,..,,9.0,,8.3,,9.0,
Seychelles,..,,..,,..,,..,,..,,..,,..,,19.0,,..,,..,,..,,..,,19.0,,..,,..,,..,,..,,..,,..,,..,,..,,..,,..,,..,,..,,..,,..,,..,,..,,..,,..,,..,,..,,..,,..,,..,,..,,..,,..,,..,,..,,..,,..,,..,,..,,..,,..,,..,,..,,..,,..,,..,,..,,..,,..,,..,,..,,..,,..,,..,,..,,..,,..,,..,,..,,..,,..,,..,,..,,..,,..,,..,,..,,..,,..,,..,,..,,..,,..,,..,,..,,..,,..,,..,,..,,..,,..,,..,,..,,..,,..,,..,,..,,..,,..,,..,,..,,..,,..,,..,,..,,..,,..,,..,
Sierra Leone,..,,..,,62.9,,..,,..,,..,,..,,..,,..,,..,,..,,..,,42.5,,..,,..,,..,,..,,..,,..,,..,,..,,..,,..,,..,,0.196,,..,,..,,..,,..,,..,,..,,..,,..,,..,,..,,..,,..,,0.160,,..,,..,,..,,..,,..,,..,,..,,..,,..,,..,,..,,..,,0.197,,..,,..,,..,,..,,..,,..,,..,,..,,..,,..,,..,,..,,0.240,,..,,..,,..,,..,,..,,..,,..,,..,,..,,..,,..,,48.2,,47.4,,48.2,,..,,..,,..,,..,,..,,..,,..,,..,,..,,..,,22.2,e,31.0,,22.2,,..,,..,,..,,..,,..,,..,,..,,..,,..,,..,,44.5,,45.3,,44.5,
Singapore,..,,..,,..,,..,,..,,..,,..,,..,,..,,..,,..,,..,,..,,..,,..,,..,,..,,..,,..,,..,,..,,..,,..,,..,,..,,..,,..,,..,,..,,..,,..,,..,,..,,..,,..,,..,,..,,..,,..,,..,,..,,..,,..,,..,,..,,..,,..,,..,,..,,..,,..,,..,,..,,..,,..,,..,,..,,..,,..,,..,,..,,..,,..,,0.936,,..,,..,,..,,..,,..,,..,,..,,..,,..,,..,,..,,..,,..,,..,,..,,..,,..,,..,,..,,..,,..,,..,,..,,..,,..,,..,,..,,..,,..,,..,,..,,..,,..,,..,,..,,..,,..,,3.8,,2.9,,3.8,
Slovakia,..,,..,,..,,..,,..,,..,,..,,..,,..,,..,,..,,..,,..,,..,,..,,..,,..,,..,,..,,..,,..,,..,,..,,..,,0.787,,..,,..,,..,,..,,..,,..,,..,,..,,..,,..,,..,,..,,0.861,,..,,..,,..,,..,,..,,..,,..,,..,,..,,..,,..,,..,,0.686,,..,,..,,..,,..,,..,,..,,..,,..,,..,,..,,..,,..,,0.825,,..,,..,,..,,..,,..,,..,,..,,..,,..,,..,,..,,1.7,,1.6,,1.7,,..,,..,,..,,..,,..,,..,,..,,..,,..,,..,,11.7,f,9.6,,11.7,,..,,..,,..,,..,,..,,..,,..,,..,,..,,..,,6.5,,5.7,,6.5,
Slovenia,..,,..,,..,,..,,..,,..,,..,,..,,..,,..,,..,,..,,31.2,,..,,..,,..,,..,,..,,..,,..,,..,,..,,..,,..,,0.837,,..,,..,,..,,..,,..,,..,,..,,..,,..,,..,,..,,..,,0.904,,..,,..,,..,,..,,..,,..,,..,,..,,..,,..,,..,,..,,0.723,,..,,..,,..,,..,,..,,..,,..,,..,,..,,..,,..,,..,,0.898,,..,,..,,..,,..,,..,,..,,..,,..,,..,,..,,..,,4.0,,3.1,,4.0,,..,,..,,..,,..,,..,,..,,..,,..,,..,,..,,12.2,f,8.5,,12.2,,..,,..,,..,,..,,..,,..,,..,,..,,..,,..,,4.3,,4.1,,4.3,
Solomon Islands,..,,..,,..,,..,,..,,..,,..,,..,,..,,..,,..,,..,,..,,..,,..,,..,,..,,..,,..,,..,,..,,..,,..,,..,,..,,..,,..,,..,,..,,..,,..,,..,,..,,..,,..,,..,,..,,..,,..,,..,,..,,..,,..,,..,,..,,..,,..,,..,,..,,..,,..,,..,,..,,..,,..,,..,,..,,..,,..,,..,,..,,..,,..,,0.599,,..,,..,,..,,..,,..,,..,,..,,..,,..,,..,,..,,30.2,,..,,30.2,,..,,..,,..,,..,,..,,..,,..,,..,,..,,..,,..,,..,,..,,..,,..,,..,,..,,..,,..,,..,,..,,..,,..,,25.2,,20.7,,25.2,
Somalia,..,,..,,..,,..,,..,,..,,..,,..,,..,,..,,..,,..,,..,,..,,..,,..,,..,,..,,..,,..,,..,,..,,..,,..,,..,,..,,..,,..,,..,,..,,..,,..,,..,,..,,..,,..,,..,,..,,..,,..,,..,,..,,..,,..,,..,,..,,..,,..,,..,,..,,..,,..,,..,,..,,..,,..,,..,,..,,..,,..,,..,,..,,..,,0.260,,..,,..,,..,,..,,..,,..,,..,,..,,..,,..,,..,,..,,..,,..,,..,,..,,..,,..,,..,,..,,..,,..,,..,,..,,..,,..,,..,,..,,..,,..,,..,,..,,..,,..,,..,,..,,..,,50.6,,47.1,,50.6,
South Africa,..,,..,,..,,56.6,,57.8,,..,,..,,..,,..,,..,,..,,..,,57.8,,..,,..,,..,,..,,..,,..,,..,,..,,..,,..,,..,,..,,..,,..,,..,,..,,..,,..,,..,,..,,..,,..,,..,,..,,0.558,,..,,..,,..,,..,,..,,..,,..,,..,,..,,..,,..,,..,,..,,..,,..,,..,,..,,..,,..,,..,,..,,..,,..,,..,,..,,0.370,,..,,..,,..,,..,,..,,..,,..,,..,,..,,..,,..,,20.8,,20.8,,20.8,,..,,..,,..,,..,,..,,..,,..,,..,,..,,..,,40.9,h,..,,40.9,,..,,..,,..,,..,,..,,..,,..,,..,,..,,..,,30.2,,28.4,,30.2,
Spain,..,,..,,..,,..,,34.7,,..,,..,,..,,..,,..,,..,,..,,34.7,,..,,..,,..,,..,,..,,..,,..,,..,,..,,..,,..,,0.799,,..,,..,,..,,..,,..,,..,,..,,..,,..,,..,,..,,..,,0.826,,..,,..,,..,,..,,..,,..,,..,,..,,..,,..,,..,,..,,0.666,,..,,..,,..,,..,,..,,..,,..,,..,,..,,..,,..,,..,,0.929,,..,,..,,..,,..,,..,,..,,..,,..,,..,,..,,..,,5.7,,5.5,,5.7,,..,,..,,..,,..,,..,,..,,..,,..,,..,,..,,18.5,f,16.7,,18.5,,..,,..,,..,,..,,..,,..,,..,,..,,..,,..,,4.4,,4.1,,4.4,
Sri Lanka,..,,32.5,,..,,..,,..,,..,,..,,40.3,,..,,..,,..,,..,,40.3,,..,,..,,..,,..,,..,,..,,..,,..,,..,,..,,..,,0.579,,..,,..,,..,,..,,..,,..,,..,,..,,..,,..,,..,,..,,0.558,,..,,..,,..,,..,,..,,..,,..,,..,,..,,..,,..,,..,,0.442,,..,,..,,..,,..,,..,,..,,..,,..,,..,,..,,..,,..,,0.785,,..,,..,,..,,..,,..,,..,,..,,..,,..,,..,,..,,17.9,,17.9,,17.9,,..,,..,,..,,..,,..,,..,,..,,..,,..,,..,,20.8,e,20.8,,20.8,,..,,..,,..,,..,,..,,..,,..,,..,,..,,..,,12.3,,9.4,,12.3,
Sudan*,..,,..,,..,,..,,..,,..,,..,,..,,..,,..,,..,,..,,..,,..,,..,,..,,..,,..,,..,,..,,..,,..,,..,,..,,..,,..,,..,,..,,..,,..,,..,,..,,..,,..,,..,,..,,..,,..,,..,,..,,..,,..,,..,,..,,..,,..,,..,,..,,..,,..,,..,,..,,..,,..,,..,,..,,..,,..,,..,,..,,..,,..,,..,,0.438,,..,,..,,..,,..,,..,,..,,..,,..,,..,,..,,..,,..,,..,,..,,..,,..,,..,,..,,..,,..,,..,,..,,..,,..,,..,,..,,..,,..,,..,,..,,..,,..,,..,,..,,..,,..,,..,,38.5,,33.0,,38.5,
Suriname,..,,..,,..,,..,,..,,..,,..,,..,,..,,..,,..,,..,,52.8,,..,,..,,..,,..,,..,,..,,..,,..,,..,,..,,..,,0.518,,..,,..,,..,,..,,..,,..,,..,,..,,..,,..,,..,,..,,0.508,,..,,..,,..,,..,,..,,..,,..,,..,,..,,..,,..,,..,,0.403,,..,,..,,..,,..,,..,,..,,..,,..,,..,,..,,..,,..,,0.678,,..,,..,,..,,..,,..,,..,,..,,..,,..,,..,,..,,20.1,,20.1,,20.1,,..,,..,,..,,..,,..,,..,,..,,..,,..,,..,,34.9,e,34.9,,34.9,,..,,..,,..,,..,,..,,..,,..,,..,,..,,..,,16.7,,15.0,,16.7,
Swaziland,..,,..,,..,,60.7,,..,,..,,..,,..,,..,,..,,..,,..,,50.7,,..,,..,,..,,..,,..,,..,,..,,..,,..,,..,,..,,0.338,,..,,..,,..,,..,,..,,..,,..,,..,,..,,..,,..,,..,,0.406,,..,,..,,..,,..,,..,,..,,..,,..,,..,,..,,..,,..,,0.322,,..,,..,,..,,..,,..,,..,,..,,..,,..,,..,,..,,..,,0.295,,..,,..,,..,,..,,..,,..,,..,,..,,..,,..,,..,,38.3,,29.8,,38.3,,..,,..,,..,,..,,..,,..,,..,,..,,..,,..,,32.3,e,40.9,,32.3,,..,,..,,..,,..,,..,,..,,..,,..,,..,,..,,36.4,,35.0,,36.4,
Sweden,..,,..,,..,,..,,25.0,,..,,..,,..,,..,,..,,..,,..,,25.0,,..,,..,,..,,..,,..,,..,,..,,..,,..,,..,,..,,0.851,,..,,..,,..,,..,,..,,..,,..,,..,,..,,..,,..,,..,,0.869,,..,,..,,..,,..,,..,,..,,..,,..,,..,,..,,..,,..,,0.756,,..,,..,,..,,..,,..,,..,,..,,..,,..,,..,,..,,..,,0.937,,..,,..,,..,,..,,..,,..,,..,,..,,..,,..,,..,,3.6,,3.9,,3.6,,..,,..,,..,,..,,..,,..,,..,,..,,..,,..,,13.0,f,10.3,,13.0,,..,,..,,..,,..,,..,,..,,..,,..,,..,,..,,3.7,,3.3,,3.7,
Switzerland,..,,..,,..,,..,,33.7,,..,,..,,..,,..,,..,,..,,..,,33.7,,..,,..,,..,,..,,..,,..,,..,,..,,..,,..,,..,,0.840,,..,,..,,..,,..,,..,,..,,..,,..,,..,,..,,..,,..,,0.854,,..,,..,,..,,..,,..,,..,,..,,..,,..,,..,,..,,..,,0.735,,..,,..,,..,,..,,..,,..,,..,,..,,..,,..,,..,,..,,0.943,,..,,..,,..,,..,,..,,..,,..,,..,,..,,..,,..,,2.0,,2.0,,2.0,,..,,..,,..,,..,,..,,..,,..,,..,,..,,..,,14.3,f,14.3,,14.3,,..,,..,,..,,..,,..,,..,,..,,..,,..,,..,,4.4,,4.1,,4.4,
Syrian Arab Republic,..,,..,,..,,..,,..,,..,,..,,..,,..,,..,,..,,..,,35.8,,..,,..,,..,,..,,..,,..,,..,,..,,..,,..,,..,,0.503,,..,,..,,..,,..,,..,,..,,..,,..,,..,,..,,..,,..,,0.366,,..,,..,,..,,..,,..,,..,,..,,..,,..,,..,,..,,..,,0.439,,..,,..,,..,,..,,..,,..,,..,,..,,..,,..,,..,,..,,0.793,,..,,..,,..,,..,,..,,..,,..,,..,,..,,..,,..,,31.5,,31.5,,31.5,,..,,..,,..,,..,,..,,..,,..,,..,,..,,..,,18.3,e,18.3,,18.3,,..,,..,,..,,..,,..,,..,,..,,..,,..,,..,,11.1,,10.0,,11.1,
Tajikistan,..,,..,,..,,..,,..,,..,,..,,29.4,,..,,..,,..,,..,,29.4,,..,,..,,..,,..,,..,,..,,..,,..,,..,,..,,..,,0.500,,..,,..,,..,,..,,..,,..,,..,,..,,..,,..,,..,,..,,0.638,,..,,..,,..,,..,,..,,..,,..,,..,,..,,..,,..,,..,,0.360,,..,,..,,..,,..,,..,,..,,..,,..,,..,,..,,..,,..,,0.546,,..,,..,,..,,..,,..,,..,,..,,..,,..,,..,,..,,9.4,,9.4,,9.4,,..,,..,,..,,..,,..,,..,,..,,..,,..,,..,,15.3,e,15.3,,15.3,,..,,..,,..,,..,,..,,..,,..,,..,,..,,..,,31.0,,27.2,,31.0,
Tanzania (United Republic of),..,,..,,..,,..,,..,,..,,..,,37.6,,..,,..,,..,,..,,37.6,,..,,..,,..,,..,,..,,..,,..,,..,,..,,..,,..,,0.332,,..,,..,,..,,..,,..,,..,,..,,..,,..,,..,,..,,..,,0.305,,..,,..,,..,,..,,..,,..,,..,,..,,..,,..,,..,,..,,0.294,,..,,..,,..,,..,,..,,..,,..,,..,,..,,..,,..,,..,,0.407,,..,,..,,..,,..,,..,,..,,..,,..,,..,,..,,..,,28.7,,32.8,,28.7,,..,,..,,..,,..,,..,,..,,..,,..,,..,,..,,17.6,e,20.6,,17.6,,..,,..,,..,,..,,..,,..,,..,,..,,..,,..,,37.5,,32.4,,37.5,
Thailand,..,,..,,..,,..,,..,,..,,..,,..,,..,,53.6,,..,,..,,53.6,,..,,..,,..,,..,,..,,..,,..,,..,,..,,..,,..,,0.537,,..,,..,,..,,..,,..,,..,,..,,..,,..,,..,,..,,..,,0.490,,..,,..,,..,,..,,..,,..,,..,,..,,..,,..,,..,,..,,0.411,,..,,..,,..,,..,,..,,..,,..,,..,,..,,..,,..,,..,,0.768,,..,,..,,..,,..,,..,,..,,..,,..,,..,,..,,..,,18.0,,18.0,,18.0,,..,,..,,..,,..,,..,,..,,..,,..,,..,,..,,34.0,e,34.0,,34.0,,..,,..,,..,,..,,..,,..,,..,,..,,..,,..,,9.5,,10.1,,9.5,
The former Yugoslav Republic of Macedonia,..,,..,,..,,..,,..,,..,,..,,..,,44.2,,..,,..,,..,,44.2,,..,,..,,..,,..,,..,,..,,..,,..,,..,,..,,..,,0.609,,..,,..,,..,,..,,..,,..,,..,,..,,..,,..,,..,,..,,0.574,,..,,..,,..,,..,,..,,..,,..,,..,,..,,..,,..,,..,,0.502,,..,,..,,..,,..,,..,,..,,..,,..,,..,,..,,..,,..,,0.784,,..,,..,,..,,..,,..,,..,,..,,..,,..,,..,,..,,17.5,,17.5,,17.5,,..,,..,,..,,..,,..,,..,,..,,..,,..,,..,,21.8,h,21.8,,21.8,,..,,..,,..,,..,,..,,..,,..,,..,,..,,..,,10.4,,9.4,,10.4,
Timor-Leste,..,,..,,..,,..,,..,,..,,..,,31.9,,..,,..,,..,,..,,31.9,,..,,..,,..,,..,,..,,..,,..,,..,,..,,..,,..,,0.332,,..,,..,,..,,..,,..,,..,,..,,..,,..,,..,,..,,..,,0.195,,..,,..,,..,,..,,..,,..,,..,,..,,..,,..,,..,,..,,0.401,,..,,..,,..,,..,,..,,..,,..,,..,,..,,..,,..,,..,,0.468,,..,,..,,..,,..,,..,,..,,..,,..,,..,,..,,..,,44.3,,47.4,,44.3,,..,,..,,..,,..,,..,,..,,..,,..,,..,,..,,19.2,e,17.8,,19.2,,..,,..,,..,,..,,..,,..,,..,,..,,..,,..,,34.3,,30.2,,34.3,
Togo,..,,..,,..,,..,,..,,..,,34.4,,..,,..,,..,,..,,..,,34.4,,..,,..,,..,,..,,..,,..,,..,,..,,..,,..,,..,,0.289,,..,,..,,..,,..,,..,,..,,..,,..,,..,,..,,..,,..,,0.277,,..,,..,,..,,..,,..,,..,,..,,..,,..,,..,,..,,..,,0.238,,..,,..,,..,,..,,..,,..,,..,,..,,..,,..,,..,,..,,0.367,,..,,..,,..,,..,,..,,..,,..,,..,,..,,..,,..,,41.5,,41.5,,41.5,,..,,..,,..,,..,,..,,..,,..,,..,,..,,..,,20.0,e,20.0,,20.0,,..,,..,,..,,..,,..,,..,,..,,..,,..,,..,,35.4,,37.2,,35.4,
Tonga,..,,..,,..,,..,,..,,..,,..,,..,,..,,..,,..,,..,,..,,..,,..,,..,,..,,..,,..,,..,,..,,..,,..,,..,,..,,..,,..,,..,,..,,..,,..,,..,,..,,..,,..,,..,,..,,..,,..,,..,,..,,..,,..,,..,,..,,..,,..,,..,,..,,..,,..,,..,,..,,..,,..,,..,,..,,..,,..,,..,,..,,..,,..,,0.712,,..,,..,,..,,..,,..,,..,,..,,..,,..,,..,,..,,5.1,,..,,5.1,,..,,..,,..,,..,,..,,..,,..,,..,,..,,..,,..,,..,,..,,..,,..,,..,,..,,..,,..,,..,,..,,..,,..,,14.5,,13.8,,14.5,
Trinidad and Tobago,..,,..,,..,,..,,..,,..,,..,,..,,..,,..,,..,,..,,..,,..,,..,,..,,..,,..,,..,,..,,..,,..,,..,,..,,0.644,,..,,..,,..,,..,,..,,..,,..,,..,,..,,..,,..,,..,,0.665,,..,,..,,..,,..,,..,,..,,..,,..,,..,,..,,..,,..,,0.610,,..,,..,,..,,..,,..,,..,,..,,..,,..,,..,,..,,..,,0.659,,..,,..,,..,,..,,..,,..,,..,,..,,..,,..,,..,,6.6,,6.6,,6.6,,..,,..,,..,,..,,..,,..,,..,,..,,..,,..,,21.9,h,21.9,,21.9,,..,,..,,..,,..,,..,,..,,..,,..,,..,,..,,17.4,,16.6,,17.4,
Tunisia,..,,43.4,,40.2,,41.7,,40.8,,..,,..,,..,,..,,..,,..,,..,,40.8,,..,,..,,..,,..,,..,,..,,..,,..,,..,,..,,..,,0.523,,..,,..,,..,,..,,..,,..,,..,,..,,..,,..,,..,,..,,0.396,,..,,..,,..,,..,,..,,..,,..,,..,,..,,..,,..,,..,,0.480,,..,,..,,..,,..,,..,,..,,..,,..,,..,,..,,..,,..,,0.751,,..,,..,,..,,..,,..,,..,,..,,..,,..,,..,,..,,38.7,,38.7,,38.7,,..,,..,,..,,..,,..,,..,,..,,..,,..,,..,,21.8,g,21.8,,21.8,,..,,..,,..,,..,,..,,..,,..,,..,,..,,..,,12.7,,12.6,,12.7,
Turkey,..,,..,,..,,..,,..,,..,,..,,..,,39.7,,..,,..,,..,,39.7,,..,,..,,..,,..,,..,,..,,..,,..,,..,,..,,..,,0.542,,..,,..,,..,,..,,..,,..,,..,,..,,..,,..,,..,,..,,0.423,,..,,..,,..,,..,,..,,..,,..,,..,,..,,..,,..,,..,,0.506,,..,,..,,..,,..,,..,,..,,..,,..,,..,,..,,..,,..,,0.742,,..,,..,,..,,..,,..,,..,,..,,..,,..,,..,,..,,27.4,,27.4,,27.4,,..,,..,,..,,..,,..,,..,,..,,..,,..,,..,,26.5,h,26.5,,26.5,,..,,..,,..,,..,,..,,..,,..,,..,,..,,..,,16.5,,12.8,,16.5,
Turkmenistan,..,,..,,..,,..,,..,,..,,..,,..,,..,,..,,..,,..,,..,,..,,..,,..,,..,,..,,..,,..,,..,,..,,..,,..,,..,,..,,..,,..,,..,,..,,..,,..,,..,,..,,..,,..,,..,,..,,..,,..,,..,,..,,..,,..,,..,,..,,..,,..,,..,,..,,..,,..,,..,,..,,..,,..,,..,,..,,..,,..,,..,,..,,..,,0.520,,..,,..,,..,,..,,..,,..,,..,,..,,..,,..,,..,,10.2,,..,,10.2,,..,,..,,..,,..,,..,,..,,..,,..,,..,,..,,38.7,e,..,,38.7,,..,,..,,..,,..,,..,,..,,..,,..,,..,,..,,27.5,,26.7,,27.5,
Tuvalu,..,,..,,..,,..,,..,,..,,..,,..,,..,,..,,..,,..,,..,,..,,..,,..,,..,,..,,..,,..,,..,,..,,..,,..,,..,,..,,..,,..,,..,,..,,..,,..,,..,,..,,..,,..,,..,,..,,..,,..,,..,,..,,..,,..,,..,,..,,..,,..,,..,,..,,..,,..,,..,,..,,..,,..,,..,,..,,..,,..,,..,,..,,..,,..,,..,,..,,..,,..,,..,,..,,..,,..,,..,,..,,..,,..,,..,,..,,..,,..,,..,,..,,..,,..,,..,,..,,..,,..,,..,,..,,..,,..,,..,,..,,..,,..,,..,,..,,..,,..,,..,,..,,..,,..,
Uganda,..,,..,,..,,..,,..,,..,,..,,..,,..,,44.3,,..,,..,,44.3,,..,,..,,..,,..,,..,,..,,..,,..,,..,,..,,..,,0.296,,..,,..,,..,,..,,..,,..,,..,,..,,..,,..,,..,,..,,0.322,,..,,..,,..,,..,,..,,..,,..,,..,,..,,..,,..,,..,,0.246,,..,,..,,..,,..,,..,,..,,..,,..,,..,,..,,..,,..,,0.328,,..,,..,,..,,..,,..,,..,,..,,..,,..,,..,,..,,28.2,,32.2,,28.2,,..,,..,,..,,..,,..,,..,,..,,..,,..,,..,,26.4,e,29.1,,26.4,,..,,..,,..,,..,,..,,..,,..,,..,,..,,..,,40.7,,39.1,,40.7,
Ukraine,..,,..,,..,,..,,..,,..,,..,,..,,27.5,,..,,..,,..,,27.5,,..,,..,,..,,..,,..,,..,,..,,..,,..,,..,,..,,0.662,,..,,..,,..,,..,,..,,..,,..,,..,,..,,..,,..,,..,,0.806,,..,,..,,..,,..,,..,,..,,..,,..,,..,,..,,..,,..,,0.526,,..,,..,,..,,..,,..,,..,,..,,..,,..,,..,,..,,..,,0.684,,..,,..,,..,,..,,..,,..,,..,,..,,..,,..,,..,,2.8,,6.1,,2.8,,..,,..,,..,,..,,..,,..,,..,,..,,..,,..,,10.4,f,10.9,,10.4,,..,,..,,..,,..,,..,,..,,..,,..,,..,,..,,11.0,,10.5,,11.0,
United Arab Emirates,..,,..,,..,,..,,..,,..,,..,,..,,..,,..,,..,,..,,..,,..,,..,,..,,..,,..,,..,,..,,..,,..,,..,,..,,..,,..,,..,,..,,..,,..,,..,,..,,..,,..,,..,,..,,..,,..,,..,,..,,..,,..,,..,,..,,..,,..,,..,,..,,..,,..,,..,,..,,..,,..,,..,,..,,..,,..,,..,,..,,..,,..,,..,,0.836,,..,,..,,..,,..,,..,,..,,..,,..,,..,,..,,..,,..,,..,,..,,..,,..,,..,,..,,..,,..,,..,,..,,..,,..,,..,,..,,..,,..,,..,,..,,..,,..,,..,,..,,..,,..,,..,,7.4,,6.3,,7.4,
United Kingdom,..,,..,,..,,..,,..,,..,,..,,..,,..,,..,,..,,..,,..,,..,,..,,..,,..,,..,,..,,..,,..,,..,,..,,..,,0.791,,..,,..,,..,,..,,..,,..,,..,,..,,..,,..,,..,,..,,0.797,,..,,..,,..,,..,,..,,..,,..,,..,,..,,..,,..,,..,,0.688,,..,,..,,..,,..,,..,,..,,..,,..,,..,,..,,..,,..,,0.903,,..,,..,,..,,..,,..,,..,,..,,..,,..,,..,,..,,2.1,,2.2,,2.1,,..,,..,,..,,..,,..,,..,,..,,..,,..,,..,,21.0,f,17.3,,21.0,,..,,..,,..,,..,,..,,..,,..,,..,,..,,..,,4.9,,4.8,,4.9,
United States,..,,..,,..,,..,,40.8,,..,,..,,..,,..,,..,,..,,..,,40.8,,..,,..,,..,,..,,..,,..,,..,,..,,..,,..,,..,,0.771,,..,,..,,..,,..,,..,,..,,..,,..,,..,,..,,..,,..,,0.905,,..,,..,,..,,..,,..,,..,,..,,..,,..,,..,,..,,..,,0.587,,..,,..,,..,,..,,..,,..,,..,,..,,..,,..,,..,,..,,0.863,,..,,..,,..,,..,,..,,..,,..,,..,,..,,..,,..,,3.2,,3.7,,3.2,,..,,..,,..,,..,,..,,..,,..,,..,,..,,..,,23.5,f,32.4,,23.5,,..,,..,,..,,..,,..,,..,,..,,..,,..,,..,,6.0,,6.6,,6.0,
Uruguay,..,,..,,..,,..,,..,,..,,..,,..,,..,,42.4,,..,,..,,42.4,,..,,..,,..,,..,,..,,..,,..,,..,,..,,..,,..,,0.654,,..,,..,,..,,..,,..,,..,,..,,..,,..,,..,,..,,..,,0.681,,..,,..,,..,,..,,..,,..,,..,,..,,..,,..,,..,,..,,0.505,,..,,..,,..,,..,,..,,..,,..,,..,,..,,..,,..,,..,,0.815,,..,,..,,..,,..,,..,,..,,..,,..,,..,,..,,..,,10.8,,10.8,,10.8,,..,,..,,..,,..,,..,,..,,..,,..,,..,,..,,26.3,f,27.8,,26.3,,..,,..,,..,,..,,..,,..,,..,,..,,..,,..,,10.1,,9.3,,10.1,
Uzbekistan,..,,..,,..,,..,,..,,..,,..,,..,,..,,..,,..,,..,,36.7,,..,,..,,..,,..,,..,,..,,..,,..,,..,,..,,..,,0.544,,..,,..,,..,,..,,..,,..,,..,,..,,..,,..,,..,,..,,0.701,,..,,..,,..,,..,,..,,..,,..,,..,,..,,..,,..,,..,,0.399,,..,,..,,..,,..,,..,,..,,..,,..,,..,,..,,..,,..,,0.577,,..,,..,,..,,..,,..,,..,,..,,..,,..,,..,,..,,1.4,,1.4,,1.4,,..,,..,,..,,..,,..,,..,,..,,..,,..,,..,,17.9,h,17.9,,17.9,,..,,..,,..,,..,,..,,..,,..,,..,,..,,..,,25.9,,24.3,,25.9,
Vanuatu,..,,..,,..,,..,,..,,..,,..,,..,,..,,..,,..,,..,,..,,..,,..,,..,,..,,..,,..,,..,,..,,..,,..,,..,,..,,..,,..,,..,,..,,..,,..,,..,,..,,..,,..,,..,,..,,..,,..,,..,,..,,..,,..,,..,,..,,..,,..,,..,,..,,..,,..,,..,,..,,..,,..,,..,,..,,..,,..,,..,,..,,..,,..,,0.679,,..,,..,,..,,..,,..,,..,,..,,..,,..,,..,,..,,..,,..,,..,,..,,..,,..,,..,,..,,..,,..,,..,,..,,..,,..,,..,,..,,..,,..,,..,,..,,..,,..,,..,,..,,..,,..,,17.7,,15.6,,17.7,
Venezuela (Bolivarian Republic of),..,,..,,..,,46.8,,..,,..,,43.5,,..,,..,,..,,..,,..,,43.5,,..,,..,,..,,..,,..,,..,,..,,..,,..,,..,,..,,0.540,,..,,..,,..,,..,,..,,..,,..,,..,,..,,..,,..,,..,,0.567,,..,,..,,..,,..,,..,,..,,..,,..,,..,,..,,..,,..,,0.368,,..,,..,,..,,..,,..,,..,,..,,..,,..,,..,,..,,..,,0.753,,..,,..,,..,,..,,..,,..,,..,,..,,..,,..,,..,,17.0,,18.1,,17.0,,..,,..,,..,,..,,..,,..,,..,,..,,..,,..,,32.0,f,44.9,,32.0,,..,,..,,..,,..,,..,,..,,..,,..,,..,,..,,13.3,,12.2,,13.3,
Viet Nam,..,,..,,..,,..,,..,,..,,..,,..,,37.6,,..,,..,,..,,37.6,,..,,..,,..,,..,,..,,..,,..,,..,,..,,..,,..,,0.510,,..,,..,,..,,..,,..,,..,,..,,..,,..,,..,,..,,..,,0.417,,..,,..,,..,,..,,..,,..,,..,,..,,..,,..,,..,,..,,0.423,,..,,..,,..,,..,,..,,..,,..,,..,,..,,..,,..,,..,,0.754,,..,,..,,..,,..,,..,,..,,..,,..,,..,,..,,..,,17.1,,17.1,,17.1,,..,,..,,..,,..,,..,,..,,..,,..,,..,,..,,18.2,e,11.4,,18.2,,..,,..,,..,,..,,..,,..,,..,,..,,..,,..,,13.8,,13.4,,13.8,
Yemen,..,,..,,..,,..,,..,,37.7,,..,,..,,..,,..,,..,,..,,37.7,,..,,..,,..,,..,,..,,..,,..,,..,,..,,..,,..,,0.312,,..,,..,,..,,..,,..,,..,,..,,..,,..,,..,,..,,..,,0.155,,..,,..,,..,,..,,..,,..,,..,,..,,..,,..,,..,,..,,0.365,,..,,..,,..,,..,,..,,..,,..,,..,,..,,..,,..,,..,,0.537,,..,,..,,..,,..,,..,,..,,..,,..,,..,,..,,..,,49.8,,49.8,,49.8,,..,,..,,..,,..,,..,,..,,..,,..,,..,,..,,17.6,e,17.6,,17.6,,..,,..,,..,,..,,..,,..,,..,,..,,..,,..,,31.2,,25.1,,31.2,
Zambia,..,,..,,..,,..,,..,,..,,..,,..,,..,,..,,..,,..,,50.7,,..,,..,,..,,..,,..,,..,,..,,..,,..,,..,,..,,0.303,,..,,..,,..,,..,,..,,..,,..,,..,,..,,..,,..,,..,,0.366,,..,,..,,..,,..,,..,,..,,..,,..,,..,,..,,..,,..,,0.287,,..,,..,,..,,..,,..,,..,,..,,..,,..,,..,,..,,..,,0.266,,..,,..,,..,,..,,..,,..,,..,,..,,..,,..,,..,,24.2,,23.8,,24.2,,..,,..,,..,,..,,..,,..,,..,,..,,..,,..,,20.8,e,20.8,,20.8,,..,,..,,..,,..,,..,,..,,..,,..,,..,,..,,46.5,,41.9,,46.5,
Zimbabwe,..,,..,,..,,50.1,,..,,..,,..,,..,,..,,..,,..,,..,,..,,..,,..,,..,,..,,..,,..,,..,,..,,..,,..,,..,,0.268,,..,,..,,..,,..,,..,,..,,..,,..,,..,,..,,..,,..,,0.452,,..,,..,,..,,..,,..,,..,,..,,..,,..,,..,,..,,..,,0.124,,..,,..,,..,,..,,..,,..,,..,,..,,..,,..,,..,,..,,0.343,,..,,..,,..,,..,,..,,..,,..,,..,,..,,..,,..,,20.1,,20.1,,20.1,,..,,..,,..,,..,,..,,..,,..,,..,,..,,..,,34.5,h,34.5,,34.5,,..,,..,,..,,..,,..,,..,,..,,..,,..,,..,,34.2,,30.6,,34.2,
,,,,,,,,,,,,,,,,,,,,,,,,,,,,,,,,,,,,,,,,,,,,,,,,,,,,,,,,,,,,,,,,,,,,,,,,,,,,,,,,,,,,,,,,,,,,,,,,,,,,,,,,,,,,,,,,,,,,,,,,,,,,,,,,,,,,,,,,,,,,,,,,,,,,,,,,,,,,,,,,,,,,,,,,,,,,,,,,,,,,,,,,,,,,,,,,,,,,,,,,,,,,,,,,
Footnotes,,,,,,,,,,,,,,,,,,,,,,,,,,,,,,,,,,,,,,,,,,,,,,,,,,,,,,,,,,,,,,,,,,,,,,,,,,,,,,,,,,,,,,,,,,,,,,,,,,,,,,,,,,,,,,,,,,,,,,,,,,,,,,,,,,,,,,,,,,,,,,,,,,,,,,,,,,,,,,,,,,,,,,,,,,,,,,,,,,,,,,,,,,,,,,,,,,,,,,,,,,,,,,,,
a. Data refer to the most recent year available during the period specified.,,,,,,,,,,,,,,,,,,,,,,,,,,,,,,,,,,,,,,,,,,,,,,,,,,,,,,,,,,,,,,,,,,,,,,,,,,,,,,,,,,,,,,,,,,,,,,,,,,,,,,,,,,,,,,,,,,,,,,,,,,,,,,,,,,,,,,,,,,,,,,,,,,,,,,,,,,,,,,,,,,,,,,,,,,,,,,,,,,,,,,,,,,,,,,,,,,,,,,,,,,,,,,,,
"b. Inequality adjustment is based on data from household surveys, including data from Luxembourg Income Study, Eurostat's European Union Survey of Income and Living Conditions, the World Bank's International Income Distribution Database, the United Nations Children's Fund's (UNICEF) Multiple Indicator Cluster Survey, the U.S. Agency for International Development's Demographic and Health Survey, and the World Health Organization's (WHO) World Health Survey.",,,,,,,,,,,,,,,,,,,,,,,,,,,,,,,,,,,,,,,,,,,,,,,,,,,,,,,,,,,,,,,,,,,,,,,,,,,,,,,,,,,,,,,,,,,,,,,,,,,,,,,,,,,,,,,,,,,,,,,,,,,,,,,,,,,,,,,,,,,,,,,,,,,,,,,,,,,,,,,,,,,,,,,,,,,,,,,,,,,,,,,,,,,,,,,,,,,,,,,,,,,,,,,,
"c. Inequality adjustment is based on data from household surveys, including the Luxembourg Income Study, Eurostat's European Union Survey of Income and Living Conditions, the World Bank's International Income Distribution Database, UNICEF's Multiple Indicators Cluster Survey, USAID's Demographic and Health Survey, and the United Nations University World Institute for Development Economics Research's (UNU-WIDER) World Income Inequality Database.",,,,,,,,,,,,,,,,,,,,,,,,,,,,,,,,,,,,,,,,,,,,,,,,,,,,,,,,,,,,,,,,,,,,,,,,,,,,,,,,,,,,,,,,,,,,,,,,,,,,,,,,,,,,,,,,,,,,,,,,,,,,,,,,,,,,,,,,,,,,,,,,,,,,,,,,,,,,,,,,,,,,,,,,,,,,,,,,,,,,,,,,,,,,,,,,,,,,,,,,,,,,,,,,
d. Inequality adjustment is based on  life tables produced by the United Nations Department of Social and Economic Affairs.,,,,,,,,,,,,,,,,,,,,,,,,,,,,,,,,,,,,,,,,,,,,,,,,,,,,,,,,,,,,,,,,,,,,,,,,,,,,,,,,,,,,,,,,,,,,,,,,,,,,,,,,,,,,,,,,,,,,,,,,,,,,,,,,,,,,,,,,,,,,,,,,,,,,,,,,,,,,,,,,,,,,,,,,,,,,,,,,,,,,,,,,,,,,,,,,,,,,,,,,,,,,,,,,
"e. Inequality is estimated from imputed income using the assets index matching methodology (Harttgen and Klasen, 2010).",,,,,,,,,,,,,,,,,,,,,,,,,,,,,,,,,,,,,,,,,,,,,,,,,,,,,,,,,,,,,,,,,,,,,,,,,,,,,,,,,,,,,,,,,,,,,,,,,,,,,,,,,,,,,,,,,,,,,,,,,,,,,,,,,,,,,,,,,,,,,,,,,,,,,,,,,,,,,,,,,,,,,,,,,,,,,,,,,,,,,,,,,,,,,,,,,,,,,,,,,,,,,,,,
f. Inequality is estimated from household disposable income per capita.,,,,,,,,,,,,,,,,,,,,,,,,,,,,,,,,,,,,,,,,,,,,,,,,,,,,,,,,,,,,,,,,,,,,,,,,,,,,,,,,,,,,,,,,,,,,,,,,,,,,,,,,,,,,,,,,,,,,,,,,,,,,,,,,,,,,,,,,,,,,,,,,,,,,,,,,,,,,,,,,,,,,,,,,,,,,,,,,,,,,,,,,,,,,,,,,,,,,,,,,,,,,,,,,
g. Inequality is estimated from household consumption per capita.,,,,,,,,,,,,,,,,,,,,,,,,,,,,,,,,,,,,,,,,,,,,,,,,,,,,,,,,,,,,,,,,,,,,,,,,,,,,,,,,,,,,,,,,,,,,,,,,,,,,,,,,,,,,,,,,,,,,,,,,,,,,,,,,,,,,,,,,,,,,,,,,,,,,,,,,,,,,,,,,,,,,,,,,,,,,,,,,,,,,,,,,,,,,,,,,,,,,,,,,,,,,,,,,
h. Inequality is estimated from income deciles available from UNU-WIDER.,,,,,,,,,,,,,,,,,,,,,,,,,,,,,,,,,,,,,,,,,,,,,,,,,,,,,,,,,,,,,,,,,,,,,,,,,,,,,,,,,,,,,,,,,,,,,,,,,,,,,,,,,,,,,,,,,,,,,,,,,,,,,,,,,,,,,,,,,,,,,,,,,,,,,,,,,,,,,,,,,,,,,,,,,,,,,,,,,,,,,,,,,,,,,,,,,,,,,,,,,,,,,,,,
,,,,,,,,,,,,,,,,,,,,,,,,,,,,,,,,,,,,,,,,,,,,,,,,,,,,,,,,,,,,,,,,,,,,,,,,,,,,,,,,,,,,,,,,,,,,,,,,,,,,,,,,,,,,,,,,,,,,,,,,,,,,,,,,,,,,,,,,,,,,,,,,,,,,,,,,,,,,,,,,,,,,,,,,,,,,,,,,,,,,,,,,,,,,,,,,,,,,,,,,,,,,,,,,
Sources,,,,,,,,,,,,,,,,,,,,,,,,,,,,,,,,,,,,,,,,,,,,,,,,,,,,,,,,,,,,,,,,,,,,,,,,,,,,,,,,,,,,,,,,,,,,,,,,,,,,,,,,,,,,,,,,,,,,,,,,,,,,,,,,,,,,,,,,,,,,,,,,,,,,,,,,,,,,,,,,,,,,,,,,,,,,,,,,,,,,,,,,,,,,,,,,,,,,,,,,,,,,,,,,
Columns 1-13: World Bank (2011a).,,,,,,,,,,,,,,,,,,,,,,,,,,,,,,,,,,,,,,,,,,,,,,,,,,,,,,,,,,,,,,,,,,,,,,,,,,,,,,,,,,,,,,,,,,,,,,,,,,,,,,,,,,,,,,,,,,,,,,,,,,,,,,,,,,,,,,,,,,,,,,,,,,,,,,,,,,,,,,,,,,,,,,,,,,,,,,,,,,,,,,,,,,,,,,,,,,,,,,,,,,,,,,,,
"Columns 14-26: Calculated as the geometric mean of the values in Columns 5, 7 and 9 using the methodology in Technical note 2.",,,,,,,,,,,,,,,,,,,,,,,,,,,,,,,,,,,,,,,,,,,,,,,,,,,,,,,,,,,,,,,,,,,,,,,,,,,,,,,,,,,,,,,,,,,,,,,,,,,,,,,,,,,,,,,,,,,,,,,,,,,,,,,,,,,,,,,,,,,,,,,,,,,,,,,,,,,,,,,,,,,,,,,,,,,,,,,,,,,,,,,,,,,,,,,,,,,,,,,,,,,,,,,,
Columns 27-39: Calculated based on data in column 10 and the unadjusted education index.,,,,,,,,,,,,,,,,,,,,,,,,,,,,,,,,,,,,,,,,,,,,,,,,,,,,,,,,,,,,,,,,,,,,,,,,,,,,,,,,,,,,,,,,,,,,,,,,,,,,,,,,,,,,,,,,,,,,,,,,,,,,,,,,,,,,,,,,,,,,,,,,,,,,,,,,,,,,,,,,,,,,,,,,,,,,,,,,,,,,,,,,,,,,,,,,,,,,,,,,,,,,,,,,
"Columns 40, 41, 42, 43, 44, 45, 46, 47, 48, 49, 50, 51, 52, 79, 80, 81, 82, 83, 84, 85, 86, 87, 88, 89, 90 and 91: Calculated based on data in column 9 and the unadjusted income index.",,,,,,,,,,,,,,,,,,,,,,,,,,,,,,,,,,,,,,,,,,,,,,,,,,,,,,,,,,,,,,,,,,,,,,,,,,,,,,,,,,,,,,,,,,,,,,,,,,,,,,,,,,,,,,,,,,,,,,,,,,,,,,,,,,,,,,,,,,,,,,,,,,,,,,,,,,,,,,,,,,,,,,,,,,,,,,,,,,,,,,,,,,,,,,,,,,,,,,,,,,,,,,,,
Columns 53-65: Calculated based on data in column 6 and the unadjusted life expectancy index.,,,,,,,,,,,,,,,,,,,,,,,,,,,,,,,,,,,,,,,,,,,,,,,,,,,,,,,,,,,,,,,,,,,,,,,,,,,,,,,,,,,,,,,,,,,,,,,,,,,,,,,,,,,,,,,,,,,,,,,,,,,,,,,,,,,,,,,,,,,,,,,,,,,,,,,,,,,,,,,,,,,,,,,,,,,,,,,,,,,,,,,,,,,,,,,,,,,,,,,,,,,,,,,,
Columns 66-78: Calculated based on data in column 7 and the unadjusted education index.,,,,,,,,,,,,,,,,,,,,,,,,,,,,,,,,,,,,,,,,,,,,,,,,,,,,,,,,,,,,,,,,,,,,,,,,,,,,,,,,,,,,,,,,,,,,,,,,,,,,,,,,,,,,,,,,,,,,,,,,,,,,,,,,,,,,,,,,,,,,,,,,,,,,,,,,,,,,,,,,,,,,,,,,,,,,,,,,,,,,,,,,,,,,,,,,,,,,,,,,,,,,,,,,
Columns 92-104: Calculated based on data in column 5 and the unadjusted life expectancy index.,,,,,,,,,,,,,,,,,,,,,,,,,,,,,,,,,,,,,,,,,,,,,,,,,,,,,,,,,,,,,,,,,,,,,,,,,,,,,,,,,,,,,,,,,,,,,,,,,,,,,,,,,,,,,,,,,,,,,,,,,,,,,,,,,,,,,,,,,,,,,,,,,,,,,,,,,,,,,,,,,,,,,,,,,,,,,,,,,,,,,,,,,,,,,,,,,,,,,,,,,,,,,,,,
